GeneID,baseMean,log2FoldChange,lfcSE,stat,pvalue,padj,gene_name
ENSDARG00000091150,12524.0926129031,13.6124184615898,1.09241195823431,12.4608837892913,1.22010918789693e-35,7.08883438168116e-33,MKI67
ENSDARG00000057484,10991.3409919564,13.4240797917168,1.12924437821239,11.8876658150534,1.37187126534399e-32,2.6568573505495196e-30,srsf2
ENSDARG00000074849,7542.32392961271,12.8807933976994,1.08302696455199,11.893326592314,1.28196835832034e-32,2.6568573505495196e-30,rac1
ENSDARG00000077375,5147.88343185016,12.3297636703505,1.08559273650852,11.357632798839,6.796125247755859e-30,9.87137192236539e-28,KIF22
ENSDARG00000023920,4542.24250955631,12.1491890180064,1.07999046017974,11.2493484581192,2.33309091459441e-29,2.7110516427586998e-27,llgl2
ENSDARG00000012234,4195.72868505926,12.0347056743564,1.08289505086401,11.1134552371943,1.07901884269432e-28,8.1956323394084e-27,psme3
ENSDARG00000007294,4454.04043832257,12.1208989411045,1.09104371980176,11.1094530137682,1.12848638064143e-28,8.1956323394084e-27,aco2
ENSDARG00000055930,4700.02912055064,12.1984539801638,1.09594911348386,11.130493040308,8.91410768300554e-29,8.1956323394084e-27,zc3h7b
ENSDARG00000006125,4699.98603452553,12.1984407546543,1.10661217282092,11.0232302284898,2.9526916712381897e-28,1.9061265122104298e-26,csnk1db
ENSDARG00000035910,5797.75296709951,12.5012781484627,1.13842359456471,10.9812184218149,4.705341543814479e-28,2.73380343695621e-26,ZNF281 (1 of 2)
ENSDARG00000071566,3597.79355010861,11.8128966883777,1.07902903943615,10.9477097062657,6.814895580289249e-28,3.59950393831641e-26,ppp1cab
ENSDARG00000045051,8638.38621585011,13.0765461044758,1.20223423213462,10.8768705423217,1.48576553045811e-27,6.64022902458588e-26,slc16a3
ENSDARG00000076177,3435.84169626649,11.7464478516179,1.07933985141371,10.8829928184645,1.38925359147749e-27,6.64022902458588e-26,polr2a
ENSDARG00000055630,4861.06134055863,12.2470556239236,1.12911961906674,10.8465528515449,2.07088899443453e-27,8.59418932690331e-26,foxh1
ENSDARG00000024488,4081.10973301625,11.9947457870126,1.11491874234196,10.7584035781987,5.40992110670753e-27,2.09544277533138e-25,top2a
ENSDARG00000076439,3556.80445083062,11.7963659434667,1.10548869729938,10.6707250578719,1.3953328622654001e-26,5.06680245610122e-25,ppp4cb
ENSDARG00000012981,3156.72907523536,11.6242147320134,1.09107229559511,10.6539362963782,1.67144472206348e-26,5.71240813834635e-25,osbpl7
ENSDARG00000054707,4214.08002917574,12.0410019971559,1.13186236302602,10.6382210333104,1.97871069607498e-26,6.386838413442021e-25,dhx8
ENSDARG00000060575,3928.72326295255,11.9398448334139,1.15201334253252,10.3643285998459,3.6027964912497503e-25,1.1016972428505801e-23,sec24c
ENSDARG00000045147,2320.59250511749,11.1802774930576,1.08875666046566,10.268848769454,9.73595038555925e-25,2.82829358700496e-23,TMEM184B (1 of 3)
ENSDARG00000074041,2988.86152839313,11.5453803442983,1.12597913404316,10.253636142298,1.1397355320578501e-24,3.0099379278436996e-23,abca5
ENSDARG00000029768,2906.70581534669,11.5051693498696,1.12176703826251,10.2562911526531,1.10884065674516e-24,3.0099379278436996e-23,WAPAL (1 of 2)
ENSDARG00000037618,2193.72844366991,11.0991692337313,1.08336565474996,10.2450813214057,1.24520124531203e-24,3.14548662402733e-23,DDIT4
ENSDARG00000092546,2287.71796317161,11.1596934879086,1.09615462375717,10.1807657843541,2.41652115501011e-24,5.84999496275365e-23,slc16a8
ENSDARG00000063247,2566.87860757109,11.3257993544764,1.11695738174336,10.1398670527599,3.67599523680798e-24,8.54301293034175e-23,PLEKHM1
ENSDARG00000031770,2105.16903550553,11.0397203644595,1.09525965870493,10.0795462306292,6.8039609922959e-24,1.47188624082536e-22,myst2
ENSDARG00000004160,1910.91339615954,10.9000466805796,1.08145835535678,10.0790258141596,6.84009096424868e-24,1.47188624082536e-22,reep3
ENSDARG00000032459,1851.05250353282,10.854130101271,1.08249087154349,10.0269945794503,1.15993558193532e-23,2.40686633251579e-22,med24
ENSDARG00000074229,2246.78637621586,11.1336472446828,1.11236996202964,10.0089427301401,1.39232503589214e-23,2.7894511925977e-22,PRR12 (2 of 2)
ENSDARG00000052518,1842.96426583459,10.8478123827588,1.08572610139729,9.99129740806452,1.6638950075243302e-23,3.1784271430472497e-22,STX4
ENSDARG00000090442,1884.44617599612,10.8799248736509,1.08914595310854,9.98940944746511,1.6958905582524102e-23,3.1784271430472497e-22,TRRAP
ENSDARG00000011496,1842.71366276794,10.8476161942642,1.09319662428517,9.9228409174401,3.31192724962008e-23,6.01321791259146e-22,ppm1bb
ENSDARG00000015179,1633.14479538588,10.6734369912534,1.08167620760362,9.86749723829061,5.75834170449097e-23,1.01381713039674e-21,mfsd8
ENSDARG00000018742,1712.27311965966,10.7416971248075,1.09325808461236,9.82539921359578,8.75265470278213e-23,1.49567423009306e-21,psme4b
ENSDARG00000040513,2397.12267598813,11.2270880274042,1.14799665777559,9.77972187580962,1.3758810283026e-22,2.28396250698231e-21,zgc:92313
ENSDARG00000071694,1414.31748554921,10.4658902968984,1.08864181734237,9.61371328032213,6.9978783882802e-22,1.1293798176641101e-20,ndc80
ENSDARG00000061201,1431.65816679907,10.4834713499357,1.09232797567318,9.59736597744364,8.201347803744139e-22,1.2774841205918601e-20,acsf2
ENSDARG00000078044,1592.27077700506,10.636869981991,1.10853289842806,9.59544817936794,8.35531782831168e-22,1.2774841205918601e-20,PPP2R2D
ENSDARG00000040510,1404.75211784298,10.4560998600126,1.09361711498804,9.56102434454585,1.16596877467022e-21,1.73699450790615e-20,ca15b
ENSDARG00000045167,1616.58102872429,10.6587301068857,1.1186855902967,9.52790506942959,1.60489085659257e-21,2.33110396920071e-20,dlgap5
ENSDARG00000029291,1234.0453918819,10.2691797467657,1.08296491996213,9.48246758272172,2.4833971067632902e-21,3.4353659976892204e-20,ipmkb
ENSDARG00000016443,1886.57071339809,10.8815504616491,1.14746079224568,9.48315666660207,2.46704687306792e-21,3.4353659976892204e-20,eif3c
ENSDARG00000087226,1398.05708176347,10.4492075508804,1.10566886023736,9.45057596054312,3.3697135572914802e-21,4.5530315739217404e-20,KBTBD2
ENSDARG00000052522,1300.52339913795,10.3448766412799,1.09535306973897,9.44433071588976,3.57682811318903e-21,4.72303894037006e-20,SNX11
ENSDARG00000005236,1606.35502550033,10.6495750672582,1.13050750750929,9.42017191086245,4.50350075242533e-21,5.79855195987308e-20,SRCAP
ENSDARG00000015050,1475.83293427735,10.5273137008225,1.11776842217828,9.41815271566461,4.5909361472317e-21,5.79855195987308e-20,calm3b
ENSDARG00000054903,1325.07347839951,10.3718566473442,1.10584315305547,9.37913900238613,6.65136411181206e-21,8.22221818928257e-20,mta3
ENSDARG00000033999,1146.19698269769,10.1626392882158,1.08851434133946,9.33624749097044,9.98088702567699e-21,1.20810320039965e-19,cyp26a1
ENSDARG00000054208,1325.1801881552,10.3719728246275,1.11374251197458,9.31272059126011,1.2459910650252901e-20,1.47738940567284e-19,phkg2
ENSDARG00000023299,1178.75855227238,10.2030525228169,1.10071577731155,9.26947058734581,1.87072131637019e-20,2.17377816962216e-19,nhp2l1
ENSDARG00000009214,1064.23070158673,10.0555952136565,1.08529002687279,9.26535300672686,1.94433092187493e-20,2.2150122855085e-19,tmem180
ENSDARG00000002414,1033.0191592086,10.0126512965019,1.08367485097884,9.23953461451831,2.4757166346001702e-20,2.7661372398128803e-19,glud1b
ENSDARG00000037358,1234.79355834514,10.2700541465148,1.11239185587458,9.23240681085383,2.6461790107165e-20,2.9008113306156403e-19,polr3e
ENSDARG00000018258,1027.90795485669,10.0054953672706,1.08550158521935,9.21739360265308,3.04409409913841e-20,3.2752197622211404e-19,ADK (2 of 2)
ENSDARG00000061123,1064.64913732365,10.0561623430541,1.09661045490889,9.17022293380346,4.7204180386602105e-20,4.9864779644756e-19,aldh18a1
ENSDARG00000074688,1186.61778616919,10.2126395972362,1.12157573880484,9.1056174308111,8.577713238964611e-20,8.899377485425791e-19,FBRS
ENSDARG00000027491,1237.71065087807,10.2734583687346,1.12870728013911,9.10196872963235,8.87089799147241e-20,9.04209075972889e-19,uros
ENSDARG00000053979,1383.49797891315,10.4341048210465,1.14781779505272,9.09038426309395,9.86896379531689e-20,9.8859792501364e-19,bc2
ENSDARG00000030583,1051.86335438911,10.0387315836368,1.10798764017431,9.06032812970511,1.3005871236057e-19,1.2807476590083199e-18,foxk2
ENSDARG00000077300,1001.30044393855,9.96765920982971,1.10117163055776,9.05186705979787,1.40544342606169e-19,1.36093771756974e-18,usp42
ENSDARG00000071395,1118.05720168777,10.1267782854373,1.11961698078554,9.04485950037321,1.49857761459094e-19,1.4273337607825199e-18,camk2g1
ENSDARG00000060868,1155.56810166661,10.1743865700337,1.12871047077344,9.01416867610146,1.98369228680816e-19,1.85891164296055e-18,MBTD1
ENSDARG00000075883,1613.18559178543,10.6556967101029,1.18318182163294,9.00596722775598,2.13773018142346e-19,1.97146227842386e-18,bub3
ENSDARG00000002916,938.749066233554,9.87459575736473,1.097771269442,8.99513043585482,2.35951868660551e-19,2.1420005576840597e-18,sec31b
ENSDARG00000006112,866.4680666,9.75900277008139,1.08592847501016,8.986782274026,2.54574273729248e-19,2.27550235441066e-18,MYOF (2 of 2)
ENSDARG00000012577,1680.13953102845,10.7143653345493,1.19577650996044,8.96017378272784,3.24167103289012e-19,2.8536528334987297e-18,waca
ENSDARG00000021372,1003.74755517093,9.971180758435,1.11441797018075,8.94743357092289,3.63842800020977e-19,3.1551144300326497e-18,tob1b
ENSDARG00000054154,1683.90908736136,10.7175985354456,1.19815789131291,8.9450635956681,3.7173564361736403e-19,3.17615307267189e-18,bms1l
ENSDARG00000061778,2255.67439022973,11.1393431123704,1.24838758518097,8.92298453188766,4.538881636345291e-19,3.82186989958929e-18,fmn2b
ENSDARG00000052879,996.105311197365,9.96015446611483,1.11929634850178,8.89858568684415,5.65628123171838e-19,4.69471342232626e-18,RGAG1
ENSDARG00000057531,1064.04005540566,10.05533674626,1.13633169343237,8.84894507860394,8.835043597446661e-19,7.229803281854239e-18,PGAP3
ENSDARG00000021806,771.763953597997,9.59201585197489,1.0887016624286,8.81050905220228,1.24578828262878e-18,1.00528193362128e-17,zfp36l2
ENSDARG00000001498,759.617198879849,9.56912876042507,1.09398964338534,8.74700123377172,2.19097305417723e-18,1.7437744444890003e-17,skap1
ENSDARG00000038576,746.078448752453,9.54318352491437,1.09158537243767,8.7424985400849,2.28010827905429e-18,1.79019312179803e-17,ube2d1
ENSDARG00000056623,751.873069988492,9.55434531875956,1.09509022924528,8.72471058877433,2.66862240207678e-18,2.06729282080881e-17,ptenb
ENSDARG00000045159,716.019114421721,9.48385429110971,1.08767038301546,8.71941944839634,2.79631842201122e-18,2.1377118463006902e-17,ZDHHC4
ENSDARG00000010673,703.945504532431,9.45931993769425,1.08672190284161,8.70445319355359,3.1910950027087e-18,2.40782622931656e-17,trim16
ENSDARG00000074161,698.951801532735,9.44904916313341,1.08692043458788,8.69341385298005,3.5170836458065e-18,2.6197764079661202e-17,TNRC6B (1 of 3)
ENSDARG00000052842,762.378432440219,9.57436349599574,1.10347038041095,8.6765931065862,4.07800904216806e-18,2.9991433588603104e-17,PPIF
ENSDARG00000000068,865.393780002784,9.75721294123549,1.12622060484926,8.66367823428471,4.56781485011147e-18,3.31737553489346e-17,slc9a3r1
ENSDARG00000054201,1231.55511426345,10.2662654770912,1.18523090528285,8.66182735476448,4.6426111818676e-18,3.3300704897099704e-17,rnf40
ENSDARG00000009217,1119.98874477848,10.1292685187897,1.17331759931843,8.63301507168537,5.9755558706084096e-18,4.23389995222376e-17,tom1l2
ENSDARG00000036482,964.767872217263,9.91403805455358,1.15066737088993,8.61590265385387,6.93926985817835e-18,4.8574889007248405e-17,hexim1
ENSDARG00000045075,674.377742731383,9.39741311190742,1.09157419345243,8.60904661201757,7.367069203120469e-18,5.0955561988249905e-17,tmem106a
ENSDARG00000019746,643.951526263458,9.33080828269324,1.08897602785758,8.56842395424478,1.04910935599397e-17,7.17097100979405e-17,rfng
ENSDARG00000056559,674.330989861271,9.39731309011286,1.1005558299954,8.53869729639447,1.35743461670058e-17,9.170575724453921e-17,CCZ1B
ENSDARG00000036863,640.394183232457,9.32281639353801,1.09246355533078,8.53375506033716,1.4167262115712e-17,9.46112561980306e-17,MYO1D
ENSDARG00000086908,683.576236336521,9.4169584341917,1.11022376897001,8.48203641228843,2.21286287510071e-17,1.46099242094717e-16,dock1
ENSDARG00000023591,595.281801283255,9.21742897932011,1.08863496830831,8.46696022785635,2.51880049437935e-17,1.64429560363416e-16,nrbf2
ENSDARG00000077409,790.507413817522,9.62663518281709,1.14577199481763,8.40187683619314,4.39398563204425e-17,2.83656183579745e-16,cby1
ENSDARG00000077177,596.718169288047,9.220905895514,1.09872577660885,8.39236331013706,4.7646582236763e-17,3.04205101973179e-16,map2k4b
ENSDARG00000045940,783.527019607246,9.61383921607596,1.15278356346334,8.33967409041886,7.44955661842453e-17,4.7045569514181e-16,lsm12
ENSDARG00000039667,642.053564171773,9.32654985089401,1.11950858661745,8.33093194852021,8.020842807174521e-17,5.010870613944509e-16,mrpl38
ENSDARG00000002632,616.389634483167,9.26769879074898,1.1145881104268,8.31490907183659,9.18226435322268e-17,5.67542083959827e-16,anxa11b
ENSDARG00000008366,640.768270482123,9.3236589000191,1.12456206402862,8.29092426132364,1.12371824254968e-16,6.87242419917224e-16,mpp7
ENSDARG00000055563,1854.90961491953,10.8571331743199,1.31019152718464,8.28667637444566,1.16456948916482e-16,7.048071595882919e-16,rnasen
ENSDARG00000074121,656.290101227766,9.35818986298352,1.12970317768566,8.28375988297644,1.1934612288845001e-16,7.1484636492979e-16,DNMBP
ENSDARG00000074506,655.492801619852,9.35643612716399,1.12968468108731,8.28234310317328,1.20775024764567e-16,7.16023361104221e-16,
ENSDARG00000002546,532.431877504211,9.05645313995106,1.09524655405553,8.26887161289521,1.35232799901842e-16,7.93638956999698e-16,rap2ip
ENSDARG00000071409,707.644312383244,9.46688058157628,1.15315505762685,8.20954694597516,2.22024645052726e-16,1.2899631877563401e-15,arl3
ENSDARG00000017595,1104.33861304801,10.1089668847338,1.23189533372252,8.20602741808165,2.28627228098279e-16,1.31517247054554e-15,ccdc6b
ENSDARG00000075621,541.924116453779,9.08194704046777,1.10849236816785,8.19306230811374,2.54662254548587e-16,1.45057617541891e-15,birc5a
ENSDARG00000045074,527.198379106574,9.04220212450137,1.10561866592483,8.17840943101095,2.87615056978539e-16,1.62237231169448e-15,arl4d
ENSDARG00000010098,566.13728398484,9.14500812782886,1.11977724564138,8.16681010747883,3.16650736464947e-16,1.7689815181359102e-15,pank1b
ENSDARG00000061424,744.465828719345,9.54006181981979,1.16909884481884,8.16018411283104,3.3451430003064197e-16,1.8509791268362202e-15,znf646p
ENSDARG00000045036,479.551379087762,8.90554158350434,1.0916089505641,8.15817933601803,3.40112278564506e-16,1.8642003193016804e-15,CDC42EP4 (1 of 2)
ENSDARG00000056079,477.089897810915,8.89811732792591,1.09124620432084,8.15408776928011,3.51825303256363e-16,1.9103785158125902e-15,l3mbtl2
ENSDARG00000045146,950.592466111942,9.89268315743011,1.21520549257942,8.14074921306662,3.92839342944475e-16,2.1133301689883403e-15,tomm22
ENSDARG00000086550,471.563852242228,8.8813093224486,1.09139177089992,8.13759967708517,4.03191416262105e-16,2.14912121879159e-15,DBF4B
ENSDARG00000005382,569.78454627202,9.15427268311241,1.12594387823758,8.13030992045664,4.28194249400094e-16,2.2616441718314e-15,prdm9
ENSDARG00000061844,475.844167951096,8.89434537899601,1.09446918533132,8.12662932698602,4.41392530062665e-16,2.31035189158927e-15,
ENSDARG00000039117,685.938188861858,9.42193476815504,1.1614746175814,8.1120453478138,4.97747168125909e-16,2.5820634346531503e-15,tef
ENSDARG00000079131,556.167850586149,9.11937654154228,1.13003016370789,8.07002930932348,7.02812948872306e-16,3.6135780822549504e-15,BX547998.1
ENSDARG00000077317,792.400607323976,9.63008617573528,1.19420626129733,8.06400576502887,7.38342748764933e-16,3.7629573423897e-15,SNX29
ENSDARG00000053474,1212.44120149488,10.2436990687712,1.28130541141479,7.9947364441865,1.29851335355941e-15,6.56031529059145e-15,TDRKH
ENSDARG00000025953,421.775492177553,8.72033145763955,1.09329584563202,7.97618640231679,1.5092395789078202e-15,7.505623259961161e-15,rhoq
ENSDARG00000018022,619.206008127309,9.27427565972834,1.1627720611093,7.97600490235422,1.5114594172383102e-15,7.505623259961161e-15,msh2
ENSDARG00000071414,416.515617893362,8.70222678244805,1.09345236579447,7.95848731474026,1.7415524791161401e-15,8.57493212174981e-15,
ENSDARG00000025226,446.095369464308,8.80120836257675,1.10911380621304,7.93535191183633,2.09899305730542e-15,1.02480249268441e-14,znf668
ENSDARG00000045065,410.539959971583,8.68137884356113,1.09463661443099,7.93083177477476,2.1768292859599503e-15,1.0539481792856101e-14,vti1a
ENSDARG00000055477,557.672554654087,9.12327446158033,1.15287631599087,7.91348936137964,2.50273234813311e-15,1.20172520187218e-14,pelo
ENSDARG00000053805,414.192014952283,8.69415593044134,1.09981544658667,7.90510440403806,2.6770912943114704e-15,1.27490987048768e-14,trub1
ENSDARG00000061864,929.783203094366,9.86075055300378,1.24776325710931,7.90274156320979,2.7283489359771104e-15,1.28875669252252e-14,wu:fa07b03
ENSDARG00000045155,404.927589666856,8.6615201338993,1.09766155873782,7.89088409350784,3.00053232913361e-15,1.40589458324728e-14,phf5a
ENSDARG00000053776,495.164351371254,8.95176364335926,1.13516847142689,7.8858459062971,3.12411927800426e-15,1.4520906404163802e-14,dclre1a
ENSDARG00000029241,397.696608462121,8.63552444873519,1.09850048603833,7.86119310686759,3.80491670573749e-15,1.7544893698678402e-14,cep55l
ENSDARG00000005134,620.006918327556,9.27614050363096,1.18017498286922,7.85997046054899,3.84224059045183e-15,1.75774943547442e-14,psmd11b
ENSDARG00000077178,1609.17744626405,10.6521077075102,1.36326545035546,7.81367099469349,5.55459705664849e-15,2.52126632024435e-14,zgc:152977
ENSDARG00000055291,457.148650738966,8.83651955158458,1.13232293100338,7.8038864264228,6.0029219982401e-15,2.70364161316085e-14,rab18a
ENSDARG00000038991,557.87999133467,9.12381099905658,1.16968342018892,7.80023965594291,6.1789716988738506e-15,2.7615250438813102e-14,nsfb
ENSDARG00000073765,428.872181530564,8.74440392946121,1.12285539331678,7.78764922135811,6.826739327607551e-15,3.0277370605648804e-14,gna13a
ENSDARG00000076913,395.266303801445,8.62668116134859,1.10930554866471,7.77665014993629,7.44701824947246e-15,3.27781636586629e-14,eme1
ENSDARG00000089828,367.396280560067,8.52119321076751,1.09654436468001,7.77095162333371,7.78986480717015e-15,3.40294094207959e-14,C12H10orf88
ENSDARG00000014161,909.106993574652,9.82830628619177,1.26984378766548,7.73977585405244,9.95922337062633e-15,4.31814087935366e-14,ercc4
ENSDARG00000051891,553.84424764507,9.11333650766892,1.18144627695887,7.71371215551784,1.22209934999762e-14,5.25955349887864e-14,RSPH10B2
ENSDARG00000045105,366.658913729445,8.5182948024845,1.1047805283145,7.71039548957326,1.2542843245566201e-14,5.3583764159367404e-14,FOXN2 (1 of 2)
ENSDARG00000006420,439.754027578716,8.78055298075503,1.13966078111926,7.70453202059969,1.31323648346433e-14,5.56927297002026e-14,atrnl1
ENSDARG00000005567,816.825964048658,9.67388491496314,1.26020973077787,7.67640867920604,1.6361059273893602e-14,6.888243071110281e-14,map2k6
ENSDARG00000045160,371.02676038383,8.53537943505945,1.11474823963075,7.65677767554649,1.90656266781146e-14,7.96915762588817e-14,sepx1b
ENSDARG00000055381,1456.18182999359,10.5079747973768,1.3764700845937,7.63400157765037,2.27577126474258e-14,9.4444507486817e-14,bambia
ENSDARG00000040407,348.133657678731,8.44349749081945,1.10982868015951,7.6079287206796,2.78523365380801e-14,1.14767429281025e-13,usp22
ENSDARG00000074270,398.415986619848,8.63813172712662,1.13632581772169,7.60180891115006,2.92019720583173e-14,1.1948130821043899e-13,BX248124.3
ENSDARG00000077297,374.140481928639,8.54743626343673,1.12556608598656,7.59389996718396,3.10418069499885e-14,1.26120907957646e-13,nbr1
ENSDARG00000018303,1295.95529680717,10.3398002388515,1.36419521480311,7.57941394798386,3.47119341299388e-14,1.40053012010378e-13,pea3
ENSDARG00000033144,371.436800870994,8.53697295013119,1.13159461660746,7.54419721059226,4.5508204560990104e-14,1.82346667930588e-13,psme2
ENSDARG00000060001,324.016408306846,8.3399230633276,1.10629435219064,7.53861126273779,4.7500261226542e-14,1.8902501214123899e-13,METTL9
ENSDARG00000063347,309.898554704251,8.27565221631592,1.10012845019646,7.52244177926499,5.37625607430986e-14,2.12490121032247e-13,TRPM4 (2 of 3)
ENSDARG00000059079,813.760201583437,9.66845991429764,1.28773491712368,7.50811349892833,5.99854886858058e-14,2.33903147157404e-13,vps25
ENSDARG00000056050,307.78956944794,8.26580053138007,1.10081287245973,7.50881529293026,5.96648380964344e-14,2.33903147157404e-13,KCTD17
ENSDARG00000020671,898.927719112521,9.81206130610372,1.30824496427697,7.50017127834048,6.373449771989171e-14,2.46864954501714e-13,
ENSDARG00000077081,313.162144354725,8.29076601717856,1.10663607080808,7.49186316611251,6.79026956984758e-14,2.61267988084864e-13,slc38a10
ENSDARG00000071573,350.360136251156,8.45269482514635,1.12883611305141,7.48797343336001,6.99451800454585e-14,2.67356247410601e-13,LSM5
ENSDARG00000036451,311.714992789513,8.28408373679092,1.10755303965086,7.47962710607734,7.453379293695871e-14,2.83033553571065e-13,mgrn1a
ENSDARG00000071269,298.603073648795,8.22208520559899,1.10093413271649,7.4682807638196,8.12493429454738e-14,3.0653161202156e-13,POLR3A
ENSDARG00000026294,1244.09392079587,10.2808796880982,1.37681476557109,7.46714804720575,8.19515494870739e-14,3.07186130657999e-13,erbb2
ENSDARG00000013822,294.640482824151,8.2028118562556,1.10009719162994,7.45644286583626,8.888961496756011e-14,3.31056835231746e-13,ANAPC16
ENSDARG00000077477,414.943775935658,8.6967720571404,1.17527470985822,7.3997780979985,1.36412256516815e-13,5.04812235899804e-13,aatkb
ENSDARG00000079261,448.950116800998,8.81041134467035,1.19151880483326,7.3942696572911,1.42187602362991e-13,5.22854411220873e-13,TAOK2 (2 of 2)
ENSDARG00000071691,438.899151359787,8.77774567042976,1.19174581279904,7.36545123646259,1.7654865429568599e-13,6.45124327960966e-13,uqcrc2b
ENSDARG00000071393,281.683232518715,8.13792987815189,1.10626516393108,7.35621995836329,1.89191174508813e-13,6.87000452435128e-13,nploc4
ENSDARG00000055588,273.904324454951,8.0975282335488,1.10153943809284,7.35110151622762,1.96580043692992e-13,7.0939754897906e-13,stat5.2
ENSDARG00000007465,364.467206293331,8.50964520063314,1.15936391377294,7.33992588482425,2.13712166150135e-13,7.664615341557299e-13,tdrd1
ENSDARG00000056609,271.832506681711,8.08657417871417,1.10281049287685,7.33269608055607,2.2556808646538e-13,8.04018762186415e-13,atad1b
ENSDARG00000090895,329.417755446946,8.36377450745256,1.14153400829079,7.32678522646517,2.35739160679973e-13,8.35149099726002e-13,
ENSDARG00000031293,353.475064005442,8.46546463308495,1.15606431515998,7.32265888850094,2.43105204955421e-13,8.56024994418784e-13,DNAJC9
ENSDARG00000032780,277.857321856458,8.11820044721924,1.10929814734961,7.31832146895372,2.5109178273837e-13,8.78821239584296e-13,pigf
ENSDARG00000061631,444.886799051464,8.79729448040903,1.20467296630896,7.30264123661993,2.82172853714736e-13,9.81691185678214e-13,FBXO11
ENSDARG00000016156,320.158122855039,8.32264080337394,1.14094327867129,7.29452634408458,2.99711581667138e-13,1.03650255326552e-12,fam53b
ENSDARG00000043816,452.948676935333,8.8232037792833,1.22038455065006,7.22985535549713,4.8350873432498e-13,1.66224008664387e-12,ST6GALNAC1 (1 of 2)
ENSDARG00000057321,340.035818521266,8.4095429140237,1.1637834907444,7.22603730067061,4.97291210081163e-13,1.6995658415126798e-12,TUT1
ENSDARG00000060257,273.507463874968,8.09543639371933,1.12142652609958,7.21887364469253,5.24199329988504e-13,1.7810515246977798e-12,ZRANB1 (2 of 2)
ENSDARG00000057138,256.789052486378,8.00443988810615,1.11305378389372,7.19142237682778,6.411978474720629e-13,2.1659066824492397e-12,zgc:174164
ENSDARG00000003167,279.252919821942,8.12542855514084,1.13082601212295,7.18539233094451,6.70144686538703e-13,2.25060151953172e-12,mlst8
ENSDARG00000060678,440.514175775752,8.7830446356907,1.22269701472527,7.18333694277004,6.80301611935908e-13,2.2715818191653e-12,NDST2 (2 of 2)
ENSDARG00000031439,307.056995310838,8.26236266042046,1.15098238761126,7.17853092223945,7.04644549413119e-13,2.33941990405156e-12,glrx3
ENSDARG00000040110,735.86562543568,9.52329853320814,1.33742711968818,7.12061120416675,1.0744949830247599e-12,3.5470544610078696e-12,kif20bb
ENSDARG00000077461,254.164507124492,7.9896187686203,1.12679161246024,7.090591268403,1.3354021173088999e-12,4.38343858845465e-12,DHX32 (1 of 2)
ENSDARG00000045140,272.433193349945,8.08975868227265,1.14375376729155,7.07298975847701,1.51630682549995e-12,4.9492936270531995e-12,lcmt1
ENSDARG00000055538,250.861353644187,7.97074642377286,1.12993781260776,7.05414610860518,1.73663828423347e-12,5.63679800636673e-12,AVL9
ENSDARG00000021557,315.335871154042,8.30074548346375,1.17713238682395,7.0516668952251,1.7678701373953298e-12,5.706291943481599e-12,wdr45l
ENSDARG00000017960,495.173928722198,8.95179154735325,1.26994300877844,7.04897108411502,1.8024559899116e-12,5.78578414441238e-12,sfxn2
ENSDARG00000079252,321.078938790353,8.32678422419611,1.18428532337662,7.03106258249902,2.0496653648572097e-12,6.54316251089032e-12,FAM117A (2 of 2)
ENSDARG00000077500,222.845056817284,7.79989714900087,1.10959526311912,7.02949751882953,2.07278639077995e-12,6.58081362318663e-12,TMEM101
ENSDARG00000056059,354.532544030951,8.46977425435398,1.20516921636001,7.02787138882901,2.09708053832353e-12,6.62175974329332e-12,rangap1
ENSDARG00000045097,268.891434608981,8.07087998944828,1.15187361509379,7.00674091644255,2.4393336159511097e-12,7.66082611279783e-12,bmpr1ab
ENSDARG00000039134,429.691088439802,8.74715604648391,1.24919286244168,7.00224625794502,2.51890819669492e-12,7.868202485374979e-12,MTR
ENSDARG00000087657,216.178792971091,7.75608119214386,1.10869335685359,6.99569555837804,2.63946132090771e-12,8.15705865663499e-12,fasn
ENSDARG00000015989,224.882103454213,7.81302504304163,1.11675509266933,6.99618483437267,2.63026492108977e-12,8.15705865663499e-12,ZDHHC16 (1 of 2)
ENSDARG00000056058,215.874256030144,7.75404739556148,1.11100776700014,6.97929179784077,2.96671726314032e-12,9.119908623727649e-12,RYR2 (2 of 2)
ENSDARG00000029621,217.400543291116,7.76421173548686,1.11728599695512,6.94917125663998,3.67438284336372e-12,1.1235875957864798e-11,SGMS1 (1 of 2)
ENSDARG00000076966,219.811669141614,7.78012416644344,1.1256668157594,6.91156926500918,4.79321393341245e-12,1.4580404687500697e-11,C12H16orf53
ENSDARG00000079969,213.182572778493,7.73594569544369,1.12242373756377,6.8921793406068,5.49440424494247e-12,1.66262961787061e-11,C12H10orf2
ENSDARG00000005246,206.747709080485,7.6917275331179,1.11623407953175,6.89078363952524,5.54858749544587e-12,1.6703260802352598e-11,asb3
ENSDARG00000002362,209.934567418056,7.71379592732719,1.12248602263731,6.87206412530951,6.32794951629831e-12,1.8951230252419197e-11,fam100aa
ENSDARG00000024398,259.185792220219,8.01784282599407,1.16773689447353,6.86613813774282,6.59632029151608e-12,1.9653651740363298e-11,get4
ENSDARG00000079004,210.406961137562,7.71703862554804,1.12638550041194,6.85115231217536,7.3257464725524e-12,2.1715605615066e-11,TANC2 (2 of 2)
ENSDARG00000079623,200.736081849014,7.6491561508996,1.12067867736102,6.82546773256353,8.76392993600922e-12,2.5846920268128698e-11,UBTD1 (1 of 2)
ENSDARG00000055868,772.516888646463,9.59342266311557,1.40725813522544,6.81710229486699,9.289512112950589e-12,2.7258618876890398e-11,RSL1D1
ENSDARG00000087229,193.416379561479,7.59556616510396,1.11654620474437,6.80273340487772,1.0265250951901899e-11,2.99704060455025e-11,exoc7
ENSDARG00000087135,389.587993780332,8.60580540728617,1.2659134781498,6.7980992033231,1.0600845327487398e-11,3.07954556763508e-11,CABZ01115256.1
ENSDARG00000076059,196.142833949442,7.61576081749431,1.12067722704276,6.7956773223551,1.0780482710184199e-11,3.1161494799089496e-11,DOCK1 (1 of 3)
ENSDARG00000071396,291.387676734097,8.18679605451227,1.21040561447502,6.76367984137537,1.3453019572881198e-11,3.86940810487324e-11,timm23
ENSDARG00000074312,184.37615734786,7.52650829510824,1.11320872957262,6.76109349052428,1.3695410897672699e-11,3.9197210500235695e-11,ccdc56
ENSDARG00000079067,186.607436649902,7.54386267116349,1.11759125058532,6.75010892149746,1.4773420669709798e-11,4.20752814171638e-11,MMS19
ENSDARG00000076780,199.43160131309,7.63975022260703,1.13679849264184,6.72040847349541,1.8121583313848697e-11,5.135921905046889e-11,acadsb
ENSDARG00000029305,217.810591814376,7.76693030171076,1.15597118113849,6.71896534138616,1.83019430436071e-11,5.16185869336686e-11,baiap2l1a
ENSDARG00000060729,180.474713546081,7.4956529039109,1.11756875048606,6.70710674457461,1.9852104794280797e-11,5.572015886703939e-11,trim8
ENSDARG00000014554,474.26751722768,8.88955725081428,1.32668891172159,6.70055894209491,2.07623830764586e-11,5.7981889519340896e-11,ppp1r3cb
ENSDARG00000089369,178.388509656183,7.47887888128905,1.11626874743185,6.6998909523315,2.08575127530848e-11,5.7981889519340896e-11,FDXR
ENSDARG00000062515,307.395113250813,8.2639504200446,1.23554378732289,6.68851278670626,2.2544995121550596e-11,6.23744865029568e-11,TECPR1 (1 of 2)
ENSDARG00000074997,186.935953130643,7.54640025706528,1.13636268811631,6.64083776771531,3.11905195525698e-11,8.58847955452279e-11,zgc:175222
ENSDARG00000061020,195.262788053435,7.60927322550242,1.14733592042867,6.63212324308597,3.3089211237501295e-11,9.068316853296339e-11,C12H10orf118
ENSDARG00000075132,169.566499647471,7.40570736223258,1.11701900663399,6.62988482581762,3.3594889448957094e-11,9.163676417767169e-11,fh
ENSDARG00000055075,193.729311752183,7.59789844376864,1.15791023762136,6.56173354108745,5.3185794009718695e-11,1.44396945418909e-10,SVIL (1 of 2)
ENSDARG00000013079,207.775226735396,7.69887984018345,1.17405953674015,6.55748673662657,5.4722175990182596e-11,1.47877136047889e-10,tubgcp2
ENSDARG00000054907,405.244108341603,8.6626474009879,1.32219062957493,6.55173861258783,5.6871024548777794e-11,1.52972524364999e-10,cox7a2l
ENSDARG00000075672,439.640128782742,8.78017926612924,1.34302001257657,6.53763844463087,6.24977842764376e-11,1.67332777256268e-10,pms2
ENSDARG00000021318,179.422018177995,7.48721313447468,1.1463546486541,6.53132356837842,6.519098653774979e-11,1.73742950359783e-10,capg
ENSDARG00000087473,254.930654224525,7.99396105092884,1.2252193996437,6.52451393869009,6.822240606456759e-11,1.80991862664447e-10,DNAJB12 (1 of 3)
ENSDARG00000095947,158.477241027025,7.30813185906683,1.12108241458261,6.5188176747806,7.08637258001795e-11,1.87144657681383e-10,adkb
ENSDARG00000042054,212.622656149567,7.73215152217116,1.1880501157244,6.50827050124612,7.602093773551229e-11,1.9985594943137001e-10,zgc:171971
ENSDARG00000045067,1823.0913226814,10.8321711156385,1.66683196400488,6.49865814284732,8.103957768066209e-11,2.1209006591200301e-10,kcnk1
ENSDARG00000089567,268.625271360582,8.06945122481399,1.24232188043282,6.4954593104346,8.278045967584169e-11,2.15674650545579e-10,PATL2
ENSDARG00000056600,511.597396592978,8.99886511245409,1.38645984929974,6.49053423148108,8.55325282961459e-11,2.21849995268128e-10,papss2b
ENSDARG00000045066,458.414757582342,8.84050967878262,1.36562614259543,6.47359434843629,9.569861057456379e-11,2.4711507886142903e-10,entpd1
ENSDARG00000056270,149.011386000108,7.21927876139033,1.1218206024137,6.4353237459335,1.23210428700884e-10,3.1674893396112203e-10,atpaf2
ENSDARG00000015315,325.748909966732,8.34761654097574,1.29901697052162,6.42610276109306,1.30916918600787e-10,3.35078104436375e-10,psmc5
ENSDARG00000052388,142.029793616451,7.15004978566033,1.12485775662868,6.35640350393261,2.0653207893435702e-10,5.26294464302023e-10,pcgf5b
ENSDARG00000021488,139.83687997086,7.12760109079007,1.12497420367381,6.33579069414534,2.36127160062461e-10,5.99082445398646e-10,CYTH1 (2 of 2)
ENSDARG00000076229,139.715784098509,7.12635120518428,1.12550679195595,6.33168209744857,2.42502740685146e-10,6.1258301016552e-10,MKL1 (1 of 2)
ENSDARG00000093182,140.053894002387,7.12983828586001,1.12896585134384,6.31537107820678,2.69513986207376e-10,6.77868510764007e-10,eif2ak1
ENSDARG00000075022,359.604192589123,8.49026603096156,1.34723153194216,6.30200958755918,2.93810988095452e-10,7.35793896911456e-10,CABZ01030119.1
ENSDARG00000090223,234.897083513539,7.87588499070817,1.25179530110543,6.29167163653127,3.14065294475654e-10,7.83141356610965e-10,MSL1 (1 of 2)
ENSDARG00000075340,269.43936146801,8.07381681431889,1.28932853401734,6.26203221390144,3.79992412098073e-10,9.43485433457181e-10,MED1
ENSDARG00000029695,395.598422838423,8.62789286418388,1.38114328306209,6.24692091689084,4.18622876339339e-10,1.0349782602262e-09,pgp
ENSDARG00000074169,216.063696001737,7.75531287419702,1.24548124893962,6.22676004219233,4.76179572016949e-10,1.1722895395841e-09,GPAM
ENSDARG00000016608,151.704267425139,7.24511785879073,1.16374778208514,6.2256770498925,4.794808362509501e-10,1.1754361428768e-09,fra10ac1
ENSDARG00000004948,230.315825383864,7.84746973428984,1.26186958717669,6.21892294896161,5.005790292682781e-10,1.2220017479196201e-09,bccip
ENSDARG00000000935,152.183858221022,7.24967153350795,1.16666550741303,6.21401034610462,5.16491250786696e-10,1.2555707812011301e-09,unk
ENSDARG00000014005,143.300701189444,7.16290185869131,1.15410602426195,6.20645045438698,5.41946958685941e-10,1.31196326248555e-09,LRRC45
ENSDARG00000087461,140.380014136368,7.13319374394454,1.15155336509681,6.19441005527769,5.85037373365487e-10,1.4104013025948e-09,CR854979.4
ENSDARG00000016934,160.739696945238,7.32858245676882,1.18729620683298,6.17249715327334,6.721973887840381e-10,1.6138292681137402e-09,ttyh2
ENSDARG00000002487,287.486232932318,8.16734906007233,1.32414137157973,6.16803404483051,6.9144259409752e-10,1.65320225173111e-09,noc3l
ENSDARG00000071426,176.829847605661,7.46621800159837,1.21356194710953,6.15231716797105,7.6358976543632e-10,1.8182198922889402e-09,LRRC59
ENSDARG00000088984,122.578928936902,6.93756719383718,1.13572386317362,6.10849821756067,1.0057298294203502e-09,2.3850164526254e-09,AZI1 (2 of 2)
ENSDARG00000023110,118.31180117131,6.88645017420629,1.13333593076747,6.07626563956454,1.23013569008179e-09,2.90532047129072e-09,mapk7
ENSDARG00000025241,137.524068626298,7.10354032222337,1.16951876448153,6.07390025535206,1.24840288661747e-09,2.9365266280354304e-09,epc1
ENSDARG00000089561,436.877689012896,8.77108562017955,1.45099287769387,6.04488537126376,1.4951626556933202e-09,3.5027802538621702e-09,BX000477.2
ENSDARG00000026090,281.232413956146,8.13561907422351,1.34979203241806,6.02731300735943,1.6670795290042402e-09,3.87429282540585e-09,C12H17orf48
ENSDARG00000026482,122.179672010158,6.93286046241345,1.150155331827,6.02776013862467,1.6624753096222502e-09,3.87429282540585e-09,arhgap12
ENSDARG00000075721,138.428094062099,7.11299295826149,1.18026859489317,6.02658834526162,1.6745679519828701e-09,3.8761911557850605e-09,zdhhc6
ENSDARG00000076155,128.724839984,7.00814666651772,1.16344579841098,6.02361251043181,1.70566442925935e-09,3.9325041007924e-09,MTPAP
ENSDARG00000058076,120.84641924092,6.91703091550625,1.14862527254302,6.02200829187065,1.7226606746940502e-09,3.95599150987053e-09,snf8
ENSDARG00000089863,114.917522225349,6.84445498166888,1.14526399708736,5.97631201109591,2.2824566024675304e-09,5.2208948269040705e-09,CCDC57 (2 of 2)
ENSDARG00000054023,122.709618232389,6.93910452461364,1.16503013188603,5.95615884490484,2.5823534831332304e-09,5.883715190982e-09,ttll6
ENSDARG00000045129,108.77400752501,6.76519004328587,1.13754561348585,5.94718133768272,2.7279914539733102e-09,6.19126185452536e-09,fkbp10
ENSDARG00000042827,142.372696213849,7.15352868710586,1.2070989024517,5.92621588220861,3.0999500239528e-09,7.008058225356331e-09,adoa
ENSDARG00000020488,120.818845180985,6.91670169186054,1.17186150944369,5.90232005755018,3.5842496053809205e-09,8.07150783227253e-09,ARHGAP17 (1 of 3)
ENSDARG00000028957,185.472011065917,7.53505768097114,1.2802970593773,5.88539794400215,3.97097361635158e-09,8.90785973397788e-09,maff
ENSDARG00000037361,133.791679776458,7.0638445903694,1.2011434225733,5.88093349854591,4.0795906186609905e-09,9.11631595939243e-09,kdelr2l
ENSDARG00000013880,183.241929937255,7.51760585254924,1.27979280526794,5.874080414896,4.2519694964646805e-09,9.465112174122522e-09,SPATA20
ENSDARG00000034633,118.01925400026,6.882878433978,1.17293321474366,5.86809065295522,4.40842216272454e-09,9.7759285364235e-09,fam158a
ENSDARG00000010113,123.21078418521,6.94498472510642,1.18993535996579,5.83643864932803,5.3328385859883e-09,1.17809095758905e-08,ndufb8
ENSDARG00000088969,219.347662635769,7.77707552288477,1.33909253144359,5.80772078125235,6.332901326694981e-09,1.39371805712492e-08,GAS7 (2 of 2)
ENSDARG00000075857,101.586192706343,6.66656051838343,1.14877164540695,5.80320775241788,6.50580991627412e-09,1.42636813636048e-08,PGS1 (1 of 2)
ENSDARG00000045092,99.0539709834943,6.63014290749187,1.14315629154934,5.79985690189914,6.63715331939294e-09,1.44969401449898e-08,cdkrap3
ENSDARG00000027428,110.302691132742,6.78532417958434,1.17196742921728,5.78968665035004,7.0517855201874805e-09,1.53448965813818e-08,rpp30
ENSDARG00000079720,126.138668314662,6.97886679719445,1.20666564041938,5.7835961872329,7.312034649384931e-09,1.58518363107934e-08,HPDL
ENSDARG00000091228,97.45334875638,6.60663985606283,1.15296588028264,5.73012607662184,1.0035601641082e-08,2.16754072619653e-08,
ENSDARG00000036012,116.043354386197,6.85852009402881,1.19949409903521,5.71784396400558,1.07884138558181e-08,2.32150683341863e-08,DOCK1 (2 of 3)
ENSDARG00000008697,590.971499095499,9.20694474470363,1.61943885473195,5.68526852236577,1.30607279565909e-08,2.80010440692964e-08,epas1a
ENSDARG00000061004,91.9273031876927,6.52242151269436,1.14923792041826,5.67543186385685,1.38339199937291e-08,2.95496599866052e-08,cox11
ENSDARG00000078249,98.9556564775576,6.62871027147678,1.16810288824416,5.67476575752738,1.38878558685899e-08,2.95562060793067e-08,UNC13D
ENSDARG00000076430,108.638525536002,6.76339199405458,1.19349576738258,5.66687555908737,1.45424877877215e-08,3.08364430827234e-08,ep300a
ENSDARG00000088639,158.484438103402,7.30819737604938,1.29664451458297,5.63623822401305,1.73804908185263e-08,3.67202369656864e-08,cdca9
ENSDARG00000075318,205.736973888991,7.68465727995666,1.36697381379542,5.62165653972558,1.89135005762739e-08,3.97673865733015e-08,CABZ01038699.1
ENSDARG00000002956,88.5462121850081,6.46835868781841,1.15070054341879,5.62123545071127,1.89596662320216e-08,3.97673865733015e-08,ITGAM
ENSDARG00000045130,97.9737015554743,6.61432264281802,1.18207588782756,5.59551439203616,2.19968598715346e-08,4.59718546236029e-08,klhl11
ENSDARG00000075313,109.220025357962,6.77109358665469,1.21105223673264,5.59108301135119,2.25657659083644e-08,4.69917920887445e-08,LMF1
ENSDARG00000021202,109.564126128741,6.77563169310829,1.22494700970327,5.53136718522187,3.17744402022561e-08,6.59319634196814e-08,chmp6b
ENSDARG00000003085,84.6915292894374,6.40414577562257,1.160834900213,5.51684462144226,3.45140324968022e-08,7.13617540236372e-08,STAMBPL1
ENSDARG00000025555,100.360847866179,6.64905275382859,1.20670080081223,5.51010884334636,3.58611879190564e-08,7.38842204998999e-08,ormdl3
ENSDARG00000005947,181.206081473706,7.50148756439026,1.36252267519844,5.50558732044422,3.67939527291002e-08,7.55381149668099e-08,slc16a9b
ENSDARG00000026611,92.7138272712827,6.53471261225036,1.18735961088244,5.50356652892529,3.72183988973533e-08,7.61404568991628e-08,socs3b
ENSDARG00000056783,156.34787075106,7.2886157615941,1.32667982117933,5.4938770042609,3.93204391228815e-08,8.01585092294531e-08,raraa
ENSDARG00000089913,120.017934980738,6.90710620206159,1.25815734788261,5.48985881113025,4.02255159895816e-08,8.17168698949192e-08,cacna1g
ENSDARG00000088307,101.827186277665,6.66997897979083,1.21553765050524,5.48726645942923,4.08201155641989e-08,8.26358437031344e-08,MKL2 (1 of 3)
ENSDARG00000079271,79.2626000533067,6.30856838773562,1.15904954719041,5.44288068014684,5.24257654124523e-08,1.05761700363315e-07,dcxr
ENSDARG00000020041,94.9714824598792,6.56942246843556,1.20762193960247,5.43996614586026,5.32906968777302e-08,1.07134584380489e-07,C12H16orf62
ENSDARG00000078127,81.5766095712485,6.35008364300345,1.16892510874976,5.4324127315524,5.55971455272415e-08,1.11386005349404e-07,NEURL4
ENSDARG00000015091,97.6823525578044,6.61002604114436,1.21795779725241,5.42713881881288,5.72645901225423e-08,1.14332394712017e-07,zgc:100980
ENSDARG00000077243,190.344618193262,7.5724699694692,1.39577902612411,5.42526419135048,5.78688819354888e-08,1.15143220563421e-07,ABCC3
ENSDARG00000086021,207.179332760683,7.69473628348066,1.4223865355524,5.40973644726772,6.31175665768095e-08,1.2515804157381e-07,CR925768.1
ENSDARG00000045269,82.0490032907545,6.35841390326109,1.1790397636395,5.39287486253536,6.93392436242548e-08,1.37027552876503e-07,PTS
ENSDARG00000071292,74.9475132081271,6.22780870459055,1.16771855454761,5.33331313469048,9.64367986190032e-08,1.89931457619122e-07,ACTN2 (2 of 2)
ENSDARG00000061255,93.9979227875529,6.55455697064351,1.23517155444879,5.30659643758439,1.11691081288949e-07,2.1923148050297e-07,DUSP3 (1 of 2)
ENSDARG00000061311,72.8756954348869,6.1873658405511,1.16693801261493,5.30222323179461,1.14400828398583e-07,2.23794213129888e-07,zfp438
ENSDARG00000073771,79.7218058295356,6.31690248484116,1.19568324075306,5.28309026131593,1.27022767658544e-07,2.47651771844342e-07,TBC1D12
ENSDARG00000014573,73.9655582860438,6.20878173783398,1.17603980486291,5.27939761236034,1.29609278490165e-07,2.51849467567846e-07,ghitm
ENSDARG00000088877,74.7185094067027,6.22339376924693,1.1806371727643,5.27121618123855,1.35522730106667e-07,2.62462353973246e-07,smarcd2
ENSDARG00000009870,77.4821312777364,6.27579173315393,1.19374543371178,5.25722784433213,1.46243084165479e-07,2.82283162458949e-07,mapk8b
ENSDARG00000071425,155.220840416832,7.27817846087916,1.38980615901312,5.2368299087459,1.63358110257121e-07,3.14275039931746e-07,NAT9
ENSDARG00000020224,134.374377771798,7.07011426401082,1.35369704521218,5.22281871635662,1.7621988912584e-07,3.37900183439317e-07,
ENSDARG00000074806,127.575028283358,6.99520215134241,1.34034473371169,5.21895746325743,1.7993307807256e-07,3.43885257763676e-07,AFAP1L2
ENSDARG00000040450,83.7970972767738,6.38882836486289,1.23276298420212,5.18252774193891,2.18898794850005e-07,4.16984261665092e-07,pemt
ENSDARG00000060452,102.323559536965,6.67699454711517,1.292243700591,5.16697782628887,2.37909474884937e-07,4.51717009503752e-07,sdk2b
ENSDARG00000094504,86.04756342509,6.42706243550486,1.24723605126922,5.15304414827049,2.56291597356939e-07,4.85033935063133e-07,PLEKHA1 (2 of 2)
ENSDARG00000057060,80.3428694813267,6.32809808368613,1.22951302078549,5.14683291409417,2.64921096007096e-07,4.99737522013385e-07,fam18b
ENSDARG00000061573,66.9000375131077,6.0639351147221,1.17933681278007,5.14181788358447,2.72092801492906e-07,5.11604911544914e-07,socs5a
ENSDARG00000079888,93.5734881476351,6.54802792880042,1.27623355247895,5.1307442247397,2.8859884459575e-07,5.40890092613324e-07,CU611036.2
ENSDARG00000086484,95.2580387640289,6.57376894072832,1.28348762797626,5.12180156429985,3.02630272642517e-07,5.65363949856278e-07,CDRT1
ENSDARG00000086014,70.222377839687,6.1338589438466,1.20390891356096,5.09495267852421,3.48828376087413e-07,6.49581046496112e-07,DLG5 (1 of 2)
ENSDARG00000080009,63.7251689454334,5.99379138795109,1.17800238038842,5.08809785764164,3.61672743827384e-07,6.71347808829745e-07,BAHCC1
ENSDARG00000024184,70.5496961470481,6.14056796412959,1.20985485276262,5.07545839082103,3.86562944946691e-07,7.15264557369515e-07,narf
ENSDARG00000089888,78.8729365497002,6.30145845211783,1.24679420439371,5.05412876472433,4.32359848278979e-07,7.97463720159006e-07,daglb
ENSDARG00000068008,63.7851177949188,5.99514795166753,1.19026243446332,5.03682866742802,4.73308077259835e-07,8.70227825594824e-07,ARHGAP44 (2 of 2)
ENSDARG00000060457,71.8709591463895,6.16733703441127,1.22688531508784,5.02682439716845,4.98668594413645e-07,9.13963575250246e-07,pmp22b
ENSDARG00000079457,67.4227866589621,6.07516435163669,1.21496504216681,5.0002791362639,5.72473728042183e-07,1.04593470437896e-06,C12H17orf70
ENSDARG00000053026,144.050057789963,7.17042642905263,1.43912133613543,4.98250303779656,6.27670049896073e-07,1.14105113831292e-06,kif19
ENSDARG00000079092,240.848761895524,7.91198369741654,1.58803134512894,4.98225914852716,6.28461900619852e-07,1.14105113831292e-06,gprc5c
ENSDARG00000042410,69.4442490058539,6.11778331790211,1.23061527421091,4.97132080684186,6.6498309122018e-07,1.20359867912438e-06,rab40b
ENSDARG00000078481,60.1138759679443,5.90962613872755,1.18907667215653,4.96992858165296,6.69775674231553e-07,1.20850828176563e-06,C12H17orf101
ENSDARG00000089942,61.6533511721932,5.9461074094361,1.19661627183069,4.96910124775355,6.72639429285964e-07,1.20991798270943e-06,BX000348.2
ENSDARG00000061809,68.6349435558498,6.10087136602891,1.23022644739946,4.95914502482481,7.08040971067055e-07,1.26966606231469e-06,WNK4 (1 of 4)
ENSDARG00000002298,68.4383145439765,6.09673232536068,1.234563563642,4.93837053426,7.87780514081198e-07,1.40830916517285e-06,ANKRD22
ENSDARG00000034309,100.365640559699,6.64912164752797,1.34819110408163,4.93188363830456,8.14404289011182e-07,1.44992083643653e-06,cox10
ENSDARG00000087921,136.427016734861,7.09198556030865,1.43810205010497,4.93148977834431,8.16048388149302e-07,1.44992083643653e-06,PLCE1
ENSDARG00000056247,66.9623827093532,6.06527895882413,1.23054564976035,4.9289345421727,8.26792675755673e-07,1.46453214821356e-06,C12H16orf79
ENSDARG00000077440,58.6223598432838,5.87337913977727,1.19247722007834,4.92535961348713,8.42053479047814e-07,1.4870306119355e-06,SYDE1
ENSDARG00000063612,219.105470891067,7.77548169751168,1.58553884641138,4.90399949210344,9.39047319214732e-07,1.65329240140533e-06,antxr1
ENSDARG00000075909,74.8527932223306,6.22598424808242,1.27309176219747,4.8904442185187,1.00608667662923e-06,1.76597087347909e-06,slc35f3a
ENSDARG00000088868,62.5969404378251,5.96802023889753,1.22231505829889,4.88255478681844,1.04720130365926e-06,1.83260228140371e-06,
ENSDARG00000075931,55.993021787878,5.80717513528384,1.19305842668916,4.86746919126102,1.13036446441366e-06,1.97219745893194e-06,acsl5
ENSDARG00000086183,55.5446076081661,5.79557495331408,1.19419722274005,4.85311374281737,1.21537935515381e-06,2.11417786031246e-06,
ENSDARG00000095300,65.868925338056,6.04152610740545,1.24778981698642,4.84178186515143,1.28679980606152e-06,2.23173339499028e-06,MXRA7
ENSDARG00000038138,63.0573443874341,5.97859250817291,1.2358345965571,4.83769634288329,1.31352607862941e-06,2.27130551096336e-06,si:dkeyp-94b4.1
ENSDARG00000005185,199.592261015272,7.64091197251733,1.58329135781429,4.82596708104659,1.39325522210812e-06,2.40202161437632e-06,cpn1
ENSDARG00000090933,59.3489350773884,5.89115023810999,1.22684222807987,4.8018808802581,1.57182191904909e-06,2.70185957090983e-06,PSD
ENSDARG00000045172,55.7376420998993,5.80058006749891,1.20935344229983,4.79643077417298,1.61517740388325e-06,2.76819490164061e-06,minpp1b
ENSDARG00000054177,58.9005208976765,5.88020848774058,1.22706813724313,4.79207984403515,1.6506118431889e-06,2.82060435556691e-06,BX248124.2
ENSDARG00000060237,70.4861527774225,6.13926795833472,1.28997437638808,4.75921698190987,1.94345423820794e-06,3.31128126803172e-06,kcnma1b
ENSDARG00000062943,51.3146473256461,5.68129878442075,1.2010151199806,4.73041403884452,2.24062388345514e-06,3.80643998914454e-06,TACO1 (1 of 2)
ENSDARG00000089127,62.8511219524238,5.97386659324437,1.26395288770388,4.7263364413025,2.28606765507564e-06,3.87231868104649e-06,SLC39A11
ENSDARG00000078461,52.7210368876471,5.72030683962551,1.21127656048339,4.72254398891588,2.32912690991358e-06,3.93378701935985e-06,pde6c
ENSDARG00000089871,170.601206342663,7.41448403794572,1.57995663152742,4.69284022737876,2.69437917014973e-06,4.53749071842607e-06,
ENSDARG00000079171,53.0711365614223,5.72985554045184,1.23090783928614,4.65498338508825,3.24006833838927e-06,5.44069278787331e-06,ryr2a
ENSDARG00000054442,104.704706944673,6.7101824890931,1.44766702828874,4.63516979938754,3.56644604937499e-06,5.97148459563939e-06,cbx1b
ENSDARG00000003008,49.2668090922,5.62254412923412,1.21469850561893,4.62875693287302,3.678672454821e-06,6.14169165589368e-06,prkcea
ENSDARG00000092519,77.6164150933643,6.27828989510087,1.36184587100697,4.61013248911832,4.02412432332854e-06,6.69918691075612e-06,MGRN1 (2 of 3)
ENSDARG00000040299,63.023771424503,5.97782418457486,1.29938346351501,4.60050812744994,4.21461574965916e-06,6.99626214443421e-06,ndr2
ENSDARG00000015747,47.388025810693,5.56645065430798,1.21230591351559,4.59162212462177,4.39814157842529e-06,7.28011469249315e-06,aarsd1
ENSDARG00000033662,47.1818033756826,5.5601586569881,1.21116337832018,4.5907585685919,4.41637960767439e-06,7.28953565925802e-06,scd
ENSDARG00000077844,54.8887728200639,5.77843917939569,1.26164925181905,4.58006785250679,4.64825105765028e-06,7.65052086259153e-06,CHST3 (2 of 2)
ENSDARG00000076334,52.3457595006977,5.71000076489721,1.24954660112138,4.56965811420951,4.88520487793372e-06,8.01780800587428e-06,MRPL43
ENSDARG00000063435,46.4911974512692,5.53888568002064,1.21534687580735,4.55745251851754,5.17777905044058e-06,8.47405529100275e-06,TRPM4 (3 of 3)
ENSDARG00000055569,50.3926412530481,5.65514116982593,1.24685013048137,4.53554202832913,5.74557347919608e-06,9.37690503205876e-06,ghdcl
ENSDARG00000063145,62.1269430650793,5.95714716359877,1.31583296314462,4.52728220864919,5.97471266009518e-06,9.72355197623332e-06,tfam
ENSDARG00000054528,52.9860099987627,5.72753958721053,1.26822448573089,4.51618751384514,6.29629155485858e-06,1.02182832217118e-05,BX323464.1
ENSDARG00000090142,58.5636091671785,5.87193256188261,1.30074203547472,4.51429445788581,6.35279004716696e-06,1.02812563158886e-05,RAI1 (2 of 2)
ENSDARG00000008623,67.4719439119304,6.07621582233418,1.34789217063938,4.50793910276361,6.54603571140251e-06,1.05645743009024e-05,cops3
ENSDARG00000071733,64.5752363986489,6.01290911469458,1.33574775619447,4.50153038761246,6.74659170248174e-06,1.0858088030864e-05,CT030204.3
ENSDARG00000076776,46.1267116608369,5.52753054229418,1.24445347511487,4.44173338162277,8.92370891303022e-06,1.43223062941176e-05,CU459185.1
ENSDARG00000077760,46.770556679042,5.54752869519251,1.25473398978472,4.42127872549648,9.81185095480658e-06,1.5704367506178e-05,ASCC1 (1 of 2)
ENSDARG00000095891,43.4494145258428,5.44126483196492,1.23556109929725,4.40388163325938,1.06330974339941e-05,1.69720593657983e-05,CH73-30L9.1
ENSDARG00000006413,61.3392208081092,5.93873793505903,1.3493521187864,4.40117731493265,1.07665093956826e-05,1.71379231750454e-05,RPL38
ENSDARG00000033537,117.636779536934,6.87819538396026,1.57565916442118,4.36528123548025,1.269593072574e-05,2.01539228187293e-05,P4HA1 (2 of 2)
ENSDARG00000074730,41.8859597817998,5.38839482693452,1.24034034582474,4.34428731200515,1.39728543919477e-05,2.21205133561897e-05,PKMYT1
ENSDARG00000061622,54.3552320776924,5.76434700648292,1.33697681078446,4.31147867336663,1.62166417696119e-05,2.56029045330015e-05,KCNG3
ENSDARG00000020521,44.4661405842372,5.4746352870378,1.2760319785098,4.29035900293916,1.78384513071917e-05,2.80871008386949e-05,exoc6
ENSDARG00000028088,40.0671253497781,5.32434710097777,1.24927773143433,4.26194029318425,2.02659595647746e-05,3.1823033803065e-05,galk1
ENSDARG00000055078,51.6647469994212,5.69110830043954,1.33861110401338,4.25150238435693,2.12341249259562e-05,3.32534409217804e-05,chac2
ENSDARG00000078142,37.9221707837754,5.24496964586798,1.24582339939319,4.21004265004389,2.55322484489691e-05,3.98769794323953e-05,SPAG9 (2 of 2)
ENSDARG00000031048,37.691968808971,5.23618524984598,1.24445885912879,4.20760012388975,2.58097058576725e-05,4.02022496067231e-05,gspt1
ENSDARG00000057644,38.3825747333844,5.2623795867879,1.2510905228079,4.20623407407579,2.59661295015415e-05,4.0337757327261e-05,adam8b
ENSDARG00000076477,46.7321910225907,5.54634477393309,1.34260043059621,4.13104647335031,3.61115560612261e-05,5.5948837524193e-05,
ENSDARG00000037357,36.8191199893414,5.20238324025565,1.25986738524659,4.12931019659455,3.63853231511524e-05,5.62230658266478e-05,WIPI1 (2 of 2)
ENSDARG00000052644,37.9581400934666,5.24633739853011,1.27705192348373,4.10816295097725,3.98818688996794e-05,6.14625088347844e-05,CA10 (1 of 2)
ENSDARG00000061216,38.636756247983,5.27190207256551,1.28525373672597,4.10183757644233,4.09881964498197e-05,6.30003760247228e-05,HEXDC
ENSDARG00000045219,78.6103597853447,6.29664754765187,1.57842845822882,3.98918779931112,6.62999169475223e-05,0.0001016365481438,dkk1b
ENSDARG00000083812,49.9586131899934,5.64266152436149,1.41648329223853,3.98357083015369,6.78874252859594e-05,0.0001037963002398,snR50
ENSDARG00000076533,32.7474230622434,5.03330947843531,1.26674635769403,3.97341539437927,7.08493314342746e-05,0.000108040581531,NFE2L1
ENSDARG00000032985,34.4931207015025,5.10823675476501,1.29532053822516,3.94360824523347,8.02647372635499e-05,0.0001220780428013,mrpl27
ENSDARG00000063698,31.7414886003659,4.98829788361517,1.27221094785946,3.92096758167988,8.81941283505182e-05,0.0001337879597171,BX000348.1
ENSDARG00000073798,34.8204390088636,5.1218624871905,1.30852673135829,3.9142207525817,9.06966321251885e-05,0.0001372258939185,zgc:175222
ENSDARG00000089601,49.8830800504708,5.64047864258005,1.4457054281757,3.90154075142238,9.55823664033864e-05,0.0001442424802087,plce1
ENSDARG00000063283,31.5472559352527,4.97944261607701,1.27680463451353,3.89992523638841,9.62223967671828e-05,0.000144832156792,ABI3 (2 of 2)
ENSDARG00000075408,31.1959580880974,4.9632872129491,1.27396935317254,3.89592355623715,9.7825242140022e-05,0.0001468642524117,CABZ01102230.1
ENSDARG00000086306,30.7355541384885,4.94183659087821,1.27800472180236,3.86683750581828,0.000110255839082,0.0001650995940893,ADAP1
ENSDARG00000025875,32.0448273679329,5.0020195926707,1.29542482165028,3.86129670288276,0.0001127868375534,0.0001684554051891,KCTD2
ENSDARG00000095603,30.662417345726,4.93839953471559,1.28906801561648,3.83098445922875,0.0001276315676324,0.0001896520224922,GRID2IP (1 of 2)
ENSDARG00000061226,39.7877661220053,5.31425299630215,1.38699140252803,3.83149671051747,0.000127366077634,0.0001896520224922,timp2a
ENSDARG00000091613,32.3709475019139,5.01662768892709,1.32597735590052,3.78334340824403,0.0001547356895225,0.0002293403969708,KCNU1
ENSDARG00000008127,33.4979778361421,5.06600210228393,1.34044665795193,3.77933882876346,0.0001572453339016,0.0002324670203482,pcdh15b
ENSDARG00000012094,29.0390137521977,4.85992055101113,1.30177627139594,3.73329938315719,0.000188987733141,0.0002786849567384,prkar1ab
ENSDARG00000076702,28.8807503967756,4.85203632255713,1.31030627455926,3.70297877432447,0.0002130827161766,0.0003134204002496,
ENSDARG00000018529,32.7222453490692,5.03219984203087,1.38230206302653,3.64044876776999,0.0002721632603001,0.0003993102379656,lipf
ENSDARG00000020371,27.9119834179695,4.80281274045217,1.32329549679196,3.62943329898388,0.000284044112573,0.0004156917617252,G6PC3
ENSDARG00000075251,26.9659978055774,4.75306951284579,1.31050989762637,3.62688562784201,0.0002868602784284,0.000418758346148,kif5bb
ENSDARG00000013207,54.0794673700598,5.7570090374402,1.5915831834606,3.61715874939233,0.0002978546378479,0.0004337181568662,zeb1
ENSDARG00000010018,26.590720418628,4.73285095934516,1.31097496592434,3.61017645825765,0.0003059887675384,0.0004444486848496,QKI (2 of 2)
ENSDARG00000078425,38.2243113779623,5.25641860613865,1.4613555583759,3.59694707835541,0.0003219739584421,0.0004665009223314,OAT
ENSDARG00000045091,25.972053113597,4.69888815972104,1.33401936986307,3.52235377227196,0.0004277329359595,0.0006181911338121,mrpl10
ENSDARG00000002968,48.5042645484042,5.6000396911018,1.59739269580779,3.50573763470849,0.0004553438253159,0.0006548385210607,a1cf
ENSDARG00000016089,48.5042645484042,5.6000396911018,1.59739269580779,3.50573763470849,0.0004553438253159,0.0006548385210607,
ENSDARG00000022918,23.6940129053465,4.56645065430798,1.33097831305988,3.43089786625438,0.0006015870547606,0.0008630174785579,TBCC
ENSDARG00000043818,27.3304835960098,4.77243908257111,1.40021769068619,3.40835508243889,0.0006535578918761,0.0009352638797538,CASKIN2 (2 of 4)
ENSDARG00000091768,23.8390883174914,4.57525715849851,1.34332243177792,3.40592626927479,0.000659399846692,0.0009413054322556,CR932360.4
ENSDARG00000071319,22.7971845459227,4.5107837573281,1.34107051027242,3.3635694191887,0.0007694148305163,0.0010956618052206,NARF (2 of 2)
ENSDARG00000076069,41.2565008802518,5.36654956088202,1.60912816706226,3.33506657252763,0.0008527898065105,0.0012114202385883,CR318663.1
ENSDARG00000071707,28.0198913470431,4.80837945631684,1.44538959400148,3.32670131034021,0.0008788051662148,0.0012453312233435,heatr1
ENSDARG00000089581,21.9123459563961,4.45367204377408,1.34771495787652,3.30460978988565,0.0009510871644969,0.0013444808821721,NHLRC2 (1 of 2)
ENSDARG00000056605,22.3847396759021,4.48444363535491,1.35854925191588,3.30090619021046,0.0009637309983086,0.0013590478398478,WBP2
ENSDARG00000088143,39.5839400337551,5.30684331475775,1.61263916696454,3.29078161033803,0.0009990944433515,0.001405505742342,SEMA4G (2 of 2)
ENSDARG00000045268,21.3548256742305,4.41649021576839,1.35396843119628,3.26188566439933,0.001106737724502,0.0015531754056418,tectb
ENSDARG00000074156,37.9113791872584,5.24455903650341,1.61653975743508,3.24431181626168,0.0011773478406648,0.0016482869769308,sgca
ENSDARG00000088956,24.9900981915137,4.64328466498471,1.43259228076669,3.24117666088479,0.0011903738940676,0.001662517385705,CNTD1
ENSDARG00000045123,24.6519882876356,4.62363210567029,1.42877485784672,3.23608165434719,0.0012118271350585,0.0016884210203094,CR847562.1
ENSDARG00000054879,28.3244282879901,4.82397493127188,1.50283518258224,3.20991615526534,0.0013277369514699,0.0018454908344594,six3b
ENSDARG00000055642,22.8571333954081,4.51457257562473,1.42512702135209,3.16783873155498,0.0015357668566137,0.0021295478369751,GPT (2 of 2)
ENSDARG00000033446,20.1186892375486,4.33046440937033,1.36997531809127,3.1609798747351,0.0015723936216663,0.0021751445099717,BX324231.1
ENSDARG00000018810,22.4087192156962,4.48598828795843,1.42818489666488,3.14104168055142,0.0016834807188032,0.0023232833672795,ZCCHC4
ENSDARG00000015891,33.1826492986781,5.05235717037588,1.61720364638486,3.12413169588757,0.001783306202905,0.0024552154120564,ptprea
ENSDARG00000056045,19.3549465203727,4.27463041621432,1.38498954151494,3.08639905795868,0.0020259672159545,0.0027827114715592,GUCY2C (2 of 2)
ENSDARG00000013340,19.2218608781249,4.26467610580057,1.38315990044388,3.08328495095322,0.0020472901819324,0.002805366970997,gch2
ENSDARG00000031968,19.245840417919,4.26647476631104,1.38936454081515,3.0708101732666,0.0021347882580325,0.0029183811245103,cpped1
ENSDARG00000076251,21.0634766765606,4.39667167797771,1.43825509326208,3.05694844994827,0.0022360272704366,0.003049605267896,IRF3
ENSDARG00000067720,20.5311341075693,4.35974141674086,1.42951380204214,3.0498071515733,0.0022898835075198,0.0031157431331827,CABZ01075125.1
ENSDARG00000076192,24.4217863128312,4.61009682389452,1.52152796699944,3.02991264300317,0.0024462448247707,0.0033207201943733,ankrd1b
ENSDARG00000035837,18.9185221105579,4.24172748657487,1.40690480553424,3.01493567289662,0.0025703376351094,0.0034810400139827,C12H16orf52
ENSDARG00000078132,30.043750040695,4.9089929952047,1.62909308511443,3.01332872876314,0.0025839884969189,0.0034913891086277,AL844587.2
ENSDARG00000091663,21.742092831077,4.44241891159555,1.47950526077805,3.00263813138409,0.0026765047833209,0.0036080029677713,DYDC2
ENSDARG00000043814,18.1188100836908,4.1794163072954,1.3988372763698,2.98777876304643,0.0028101289282226,0.0037793632113364,ST6GALNAC1 (2 of 2)
ENSDARG00000071406,18.0948305438967,4.17750569198026,1.40908141241125,2.96470143966459,0.003029768123487,0.0040653470663879,C12H17orf56
ENSDARG00000079939,17.985724441443,4.16878036539921,1.4073529885042,2.96214268875783,0.0030550616905287,0.0040898406502239,JMJD1C (1 of 2)
ENSDARG00000071548,19.6091280349713,4.29345347908689,1.47028282118381,2.92015482819148,0.003498575225238,0.0046728096686512,josd1
ENSDARG00000076980,27.3532649624238,4.77364114230982,1.64182723617597,2.90751733015969,0.0036431015761949,0.0048546835224065,PPP1R16A
ENSDARG00000019274,27.8760141082782,4.8009523850278,1.65226318933439,2.90568259101739,0.0036645297292386,0.0048720635530609,rasd1
ENSDARG00000086945,18.142789623485,4.18132439565698,1.43967896424134,2.90434499601124,0.0036802238338684,0.0048817580992638,C12H10orf71 (2 of 2)
ENSDARG00000090767,17.3550673665149,4.11728506012009,1.43996762102085,2.85929002848078,0.0042459039747589,0.0056192943265033,AL929495.2
ENSDARG00000063555,16.6524716722045,4.05766442260935,1.42304468494019,2.85139635146445,0.0043527674611994,0.0057476315794474,MAZ (1 of 2)
ENSDARG00000061197,16.6404819023074,4.05662530889534,1.43679330068204,2.82338824030547,0.0047518989855644,0.0062604383460611,ARMC7
ENSDARG00000071772,16.5673451095449,4.05027052640456,1.44339407284934,2.80607396316177,0.0050149179761547,0.0065771271876883,si:ch211-253p2.2
ENSDARG00000079166,16.5673451095449,4.05027052640456,1.44339407284934,2.80607396316177,0.0050149179761547,0.0065771271876883,ACE
ENSDARG00000078895,16.4582390070912,4.04073807392457,1.45229668050934,2.78230896493368,0.0053973630247844,0.0070627655797292,FASN (2 of 2)
ENSDARG00000015906,18.7374773887218,4.2278548321026,1.5200925655667,2.78131406459871,0.0054139333563248,0.0070685287191567,mxtx2
ENSDARG00000076079,19.3909158300639,4.27730903821291,1.54493471495561,2.76860180356281,0.0056297394386893,0.007333808551297,USH1G (2 of 2)
ENSDARG00000057481,19.4041037733411,4.27828989510087,1.55826069194092,2.74555465412656,0.0060408704540272,0.0078517801650779,RNF157
ENSDARG00000061647,16.737598234864,4.06502061780276,1.48203960391296,2.74285559378445,0.0060907463938435,0.0078813444428131,nrxn1a
ENSDARG00000005284,16.737598234864,4.06502061780276,1.48203960391296,2.74285559378445,0.0060907463938435,0.0078813444428131,fbxl15
ENSDARG00000045150,15.4283250054196,3.94750953738283,1.44490038338839,2.73202885317648,0.0062945628234709,0.0081269800009702,csnk1e
ENSDARG00000077749,16.579334879442,4.05131422564274,1.48515810526031,2.7278672966153,0.0063745246629543,0.0082119707964001,USP54 (2 of 2)
ENSDARG00000017612,16.8467043373177,4.07439448444023,1.49524704762349,2.72489719402288,0.0064321511733792,0.0082678757339232,pnpo
ENSDARG00000035835,15.3072291330689,3.93614124919681,1.45224174597004,2.71038982326432,0.0067204171692825,0.0086193429919495,eef2k
ENSDARG00000073711,23.4158518509537,4.54941361803183,1.67951222743129,2.70877076315775,0.006753298259795,0.0086424367597817,mmrn2b
ENSDARG00000073810,17.6224368243907,4.13934152830489,1.53223806438958,2.70150025933075,0.0069027426520428,0.0088142713864547,thbs2b
ENSDARG00000077207,15.1010066980585,3.91657282390033,1.45488813530983,2.69200959774565,0.007102290135184,0.0090491898432936,lzts2b
ENSDARG00000061990,14.7377190810062,3.88144135438465,1.48442970211784,2.61476939517378,0.0089287716676842,0.0113514580720449,KCNH4
ENSDARG00000004541,21.0754664464577,4.39749265642457,1.6858587805441,2.6084584943736,0.0090951040868359,0.0115376757084098,DNAI2 (2 of 2)
ENSDARG00000030472,21.1857707222915,4.40502370869666,1.69780638833183,2.59453830482095,0.0094718058533341,0.0119893664505167,SLC16A5 (2 of 2)
ENSDARG00000056374,15.9127084948227,3.99210751191902,1.54012065493453,2.59207452294621,0.0095399103889445,0.0120493215999495,noxo1b
ENSDARG00000057415,20.178638087034,4.3347569010766,1.69457285956212,2.55802332523885,0.0105269031040644,0.0132670948014348,NUDT13 (2 of 2)
ENSDARG00000071314,13.5495417239126,3.7601721520887,1.52242360594095,2.46985933311555,0.0135166191191558,0.0169981725286353,CCDC57 (1 of 2)
ENSDARG00000071877,13.610688746778,3.76666816881374,1.56575973431626,2.40564889124485,0.0161437719857923,0.0202581674378948,DHRS7C (1 of 2)
ENSDARG00000044447,12.4105216197873,3.6334918487493,1.51963726697696,2.39102575838869,0.0168013740747743,0.0210379274513877,CDHR1 (2 of 2)
ENSDARG00000060680,12.4225113896844,3.63488495952312,1.53154208734216,2.37334970391255,0.0176275654694994,0.022024979651138,CU459210.1
ENSDARG00000076997,12.1923094148799,3.60789951582735,1.52895479305008,2.35971627953107,0.0182889165318498,0.0228022757618127,STXBP4
ENSDARG00000085964,16.7256084649669,4.06398679086159,1.74999715791443,2.32228193770604,0.0202177594743833,0.0251531440141685,5S_rRNA
ENSDARG00000059139,12.3865420799932,3.63070158500303,1.57432538766943,2.30619515726528,0.0210997300620311,0.0260828578000853,WFIKKN2 (2 of 2)
ENSDARG00000040712,12.3865420799932,3.63070158500303,1.57432538766943,2.30619515726528,0.0210997300620311,0.0260828578000853,ADPRH
ENSDARG00000076357,11.8410115677247,3.56572042935095,1.54575608424784,2.30678078235482,0.0210670441180594,0.0260828578000853,
ENSDARG00000089024,11.5256830302607,3.52678034447221,1.55686658234321,2.2653067285728,0.0234938634321795,0.0289807529810961,C12H10orf90
ENSDARG00000060634,11.7199156953739,3.55089028697659,1.57819100594793,2.24997498629373,0.0244505332074295,0.0300969487150774,azi1
ENSDARG00000045064,15.6105679006358,3.96445111731068,1.76778072633693,2.24261474188913,0.0249216687787249,0.0305474463300405,ablim1b
ENSDARG00000079647,15.6105679006358,3.96445111731068,1.76778072633693,2.24261474188913,0.0249216687787249,0.0305474463300405,zgc:175131
ENSDARG00000088290,14.4955273363047,3.85753591339416,1.78828039498045,2.15712028394537,0.0309962935398109,0.0379133611508003,foxj1b
ENSDARG00000045153,13.9380070541391,3.8009523850278,1.79973895075803,2.11194650392318,0.0346910380180477,0.0423434728749699,SLC16A8
ENSDARG00000076225,10.3866629261354,3.37666030801057,1.60315287900874,2.1062621988356,0.0351815829454446,0.0428522006106988,tha1
ENSDARG00000055652,10.640844440734,3.41154074028643,1.62857976127559,2.09479499954876,0.0361892198276558,0.0439873153135314,ACLY (2 of 2)
ENSDARG00000091534,10.3015363634759,3.36478761080804,1.62356431870183,2.07246954866467,0.0382216732309712,0.0462641503066547,PGS1 (2 of 2)
ENSDARG00000012453,10.3015363634759,3.36478761080804,1.62356431870183,2.07246954866467,0.0382216732309712,0.0462641503066547,rnls
ENSDARG00000045157,13.3804867719736,3.74205869597423,1.81212816446278,2.0650077457869,0.0389222674066053,0.047014214892386,si:ch211-147h1.4
ENSDARG00000012829,11.0412995408576,3.46483807957715,1.69836424768797,2.04010304873877,0.0413400631384312,0.0497279020360839,asah2
ENSDARG00000079128,10.0473548488772,3.32874383025191,1.63164866235848,2.04011066049008,0.0413393051719111,0.0497279020360839,becn1
