"baseMean","log2FoldChange","lfcSE","stat","pvalue","padj"
"ENSDARG00000000068",865.393780002784,9.75721294123549,1.12622060484926,8.66367823428471,4.56781485011147e-18,3.831254705531e-17
"ENSDARG00000000935",152.183858221022,7.24967153350795,1.16666550741303,6.21401034610462,5.16491250786696e-10,1.45006539446809e-09
"ENSDARG00000001498",759.617198879849,9.56912876042507,1.09398964338534,8.74700123377172,2.19097305417723e-18,2.01389441007249e-17
"ENSDARG00000002298",68.4383145439765,6.09673232536068,1.234563563642,4.93837053426,7.87780514081198e-07,1.62646376907226e-06
"ENSDARG00000002362",209.934567418056,7.71379592732719,1.12248602263731,6.87206412530951,6.32794951629831e-12,2.1886876935238e-11
"ENSDARG00000002414",1033.0191592086,10.0126512965019,1.08367485097884,9.23953461451831,2.47571663460017e-20,3.19462665733983e-19
"ENSDARG00000002487",287.486232932318,8.16734906007233,1.32414137157973,6.16803404483051,6.9144259409752e-10,1.90929210139686e-09
"ENSDARG00000002546",532.431877504211,9.05645313995106,1.09524655405553,8.26887161289521,1.35232799901842e-16,9.16577866001373e-16
"ENSDARG00000002576",2.78760141082782,1.47902429014043,2.7826331298683,0.531519686970174,0.595058702566941,0.67560810392964
"ENSDARG00000002589",6.48402095097645,2.69688875245647,1.82480283515143,1.47790692808337,0.13943269169532,0.181316542882868
"ENSDARG00000002632",616.389634483167,9.26769879074898,1.1145881104268,8.31490907183659,9.18226435322268e-17,6.55457380958768e-16
"ENSDARG00000002916",938.749066233554,9.87459575736473,1.097771269442,8.99513043585482,2.35951868660551e-19,2.47380787298796e-18
"ENSDARG00000002956",88.5462121850081,6.46835868781841,1.15070054341879,5.62123545071127,1.89596662320216e-08,4.59275669374963e-08
"ENSDARG00000002968",48.5042645484042,5.6000396911018,1.59739269580779,3.50573763470849,0.00045534382531592,0.000756276501947976
"ENSDARG00000003008",49.2668090922,5.62254412923412,1.21469850561893,4.62875693287302,3.678672454821e-06,7.09307246317497e-06
"ENSDARG00000003085",84.6915292894374,6.40414577562257,1.160834900213,5.51684462144226,3.45140324968022e-08,8.24160704816877e-08
"ENSDARG00000003167",279.252919821942,8.12542855514084,1.13082601212295,7.18539233094451,6.70144686538703e-13,2.59923170328017e-12
"ENSDARG00000003293",8.25369813002978,3.04504067431865,1.80555886910088,1.68648097075616,0.0917031972752504,0.123312315374134
"ENSDARG00000004160",1910.91339615954,10.9000466805796,1.08145835535678,10.0790258141596,6.84009096424868e-24,1.69988927296699e-22
"ENSDARG00000004415",7.80528395031791,2.96445111731068,2.02594783043335,1.46324158637223,0.143401285179451,0.185399349432392
"ENSDARG00000004473",3.90264197515895,1.96445111731068,2.47452954283852,0.79386852462358,0.427271975094963,0.506322549372162
"ENSDARG00000004541",21.0754664464577,4.39749265642457,1.6858587805441,2.6084584943736,0.00909510408683595,0.0133249232363907
"ENSDARG00000004948",230.315825383864,7.84746973428984,1.26186958717669,6.21892294896161,5.00579029268278e-10,1.41129633881939e-09
"ENSDARG00000005134",620.006918327556,9.27614050363096,1.18017498286922,7.85997046054899,3.84224059045183e-15,2.03003420172691e-14
"ENSDARG00000005185",199.592261015272,7.64091197251733,1.58329135781429,4.82596708104659,1.39325522210812e-06,2.77410757873754e-06
"ENSDARG00000005236",1606.35502550033,10.6495750672582,1.13050750750929,9.42017191086245,4.50350075242533e-21,6.69677859737493e-20
"ENSDARG00000005246",206.747709080485,7.6917275331179,1.11623407953175,6.89078363952524,5.54858749544587e-12,1.92906850230268e-11
"ENSDARG00000005284",16.737598234864,4.06502061780276,1.48203960391296,2.74285559378445,0.00609074639384355,0.00910220674892878
"ENSDARG00000005382",569.78454627202,9.15427268311241,1.12594387823758,8.13030992045664,4.28194249400094e-16,2.61198492134057e-15
"ENSDARG00000005567",816.825964048658,9.67388491496314,1.26020973077787,7.67640867920604,1.63610592738936e-14,7.95526867592942e-14
"ENSDARG00000005947",181.206081473706,7.50148756439026,1.36252267519844,5.50558732044422,3.67939527291002e-08,8.72393720184671e-08
"ENSDARG00000006112",866.4680666,9.75900277008139,1.08592847501016,8.986782274026,2.54574273729248e-19,2.62798981034347e-18
"ENSDARG00000006125",4699.98603452553,12.1984407546543,1.10661217282092,11.0232302284898,2.95269167123819e-28,2.20139567933425e-26
"ENSDARG00000006413",61.3392208081092,5.93873793505903,1.3493521187864,4.40117731493265,1.07665093956826e-05,1.97926789164466e-05
"ENSDARG00000006420",439.754027578716,8.78055298075503,1.13966078111926,7.70453202059969,1.31323648346433e-14,6.43198306864646e-14
"ENSDARG00000006811",1.67256084649669,0.742058695974228,3.32149513134462,0.223411044312994,0.823215609424834,0.876789958609625
"ENSDARG00000007294",4454.04043832257,12.1208989411045,1.09104371980176,11.1094530137682,1.12848638064143e-28,9.46517951763e-27
"ENSDARG00000007465",364.467206293331,8.50964520063314,1.15936391377294,7.33992588482425,2.13712166150135e-13,8.85190515350249e-13
"ENSDARG00000007807",6.60511682332722,2.72358407834483,1.83378792772427,1.48522303869935,0.137484750996472,0.179130617317734
"ENSDARG00000007891",1.11504056433113,0.157096195253071,3.36820204875022,0.0466409654110157,0.962799381864313,0.970027605451882
"ENSDARG00000007906",5.91451089891382,2.56425886968315,1.92390068232956,1.33284368223115,0.182583107314744,0.232472988630347
"ENSDARG00000008098",2.78760141082782,1.47902429014043,2.7826331298683,0.531519686970174,0.595058702566941,0.67560810392964
"ENSDARG00000008127",33.4979778361421,5.06600210228393,1.34044665795193,3.77933882876346,0.00015724533390163,0.000268477402157744
"ENSDARG00000008312",2.56938920592043,1.3614254433416,2.55234027102976,0.533402798519621,0.593754780702008,0.67560810392964
"ENSDARG00000008366",640.768270482123,9.3236589000191,1.12456206402862,8.29092426132364,1.12371824254968e-16,7.93699937632457e-16
"ENSDARG00000008623",67.4719439119304,6.07621582233418,1.34789217063938,4.50793910276361,6.54603571140251e-06,1.2201083228753e-05
"ENSDARG00000008697",590.971499095499,9.20694474470363,1.61943885473195,5.68526852236577,1.30607279565909e-08,3.23385551987916e-08
"ENSDARG00000009214",1064.23070158673,10.0555952136565,1.08529002687279,9.26535300672686,1.94433092187493e-20,2.55812950701584e-19
"ENSDARG00000009217",1119.98874477848,10.1292685187897,1.17331759931843,8.63301507168537,5.97555587060841e-18,4.88975364533932e-17
"ENSDARG00000009870",77.4821312777364,6.27579173315393,1.19374543371178,5.25722784433213,1.46243084165479e-07,3.26010330481849e-07
"ENSDARG00000010018",26.590720418628,4.73285095934516,1.31097496592434,3.61017645825765,0.000305988767538498,0.000513296157545831
"ENSDARG00000010083",9.97421805611475,3.31820374351201,1.72038979696028,1.92875111755189,0.0537617669465807,0.073470765012537
"ENSDARG00000010098",566.13728398484,9.14500812782886,1.11977724564138,8.16681010747883,3.16650736464947e-16,2.04300619392288e-15
"ENSDARG00000010113",123.21078418521,6.94498472510642,1.18993535996579,5.83643864932803,5.3328385859883e-09,1.36058353277496e-08
"ENSDARG00000010673",703.945504532431,9.45931993769425,1.08672190284161,8.70445319355359,3.1910950027087e-18,2.78081135950329e-17
"ENSDARG00000010953",6.27779851596613,2.65025872680453,2.13191197820852,1.24313703093483,0.213817341932183,0.269177179055338
"ENSDARG00000011496",1842.71366276794,10.8476161942642,1.09319662428517,9.9228409174401,3.31192724962008e-23,6.9446974515471e-22
"ENSDARG00000011785",8.16857156737022,3.03008381731276,1.70865562553848,1.77337303785708,0.0761669136694667,0.103040320710105
"ENSDARG00000012094",29.0390137521977,4.85992055101113,1.30177627139594,3.73329938315719,0.000188987733141021,0.00032185474349651
"ENSDARG00000012234",4195.72868505926,12.0347056743564,1.08289505086401,11.1134552371943,1.07901884269432e-28,9.46517951763e-27
"ENSDARG00000012453",10.3015363634759,3.36478761080804,1.62356431870183,2.07246954866467,0.0382216732309712,0.0534307140374618
"ENSDARG00000012577",1680.13953102845,10.7143653345493,1.19577650996044,8.96017378272784,3.24167103289012e-19,3.29569888343829e-18
"ENSDARG00000012824",9.40470800405212,3.23338315186697,1.65818535650568,1.94995278373506,0.0511817469812196,0.0702309861439639
"ENSDARG00000012829",11.0412995408576,3.46483807957715,1.69836424768797,2.04010304873877,0.0413400631384312,0.0574310193910711
"ENSDARG00000012981",3156.72907523536,11.6242147320134,1.09107229559511,10.6539362963782,1.67144472206348e-26,6.59729063826231e-25
"ENSDARG00000013079",207.775226735396,7.69887984018345,1.17405953674015,6.55748673662657,5.47221759901826e-11,1.70784093439128e-10
"ENSDARG00000013207",54.0794673700598,5.7570090374402,1.5915831834606,3.61715874939233,0.000297854637847934,0.000500903413523719
"ENSDARG00000013340",19.2218608781249,4.26467610580057,1.38315990044388,3.08328495095322,0.00204729018193243,0.00323993328319967
"ENSDARG00000013721",2.12097502620856,1.08472763370337,2.77571624753942,0.390791974743436,0.695951007446209,0.772466288225181
"ENSDARG00000013822",294.640482824151,8.2028118562556,1.10009719162994,7.45644286583626,8.88896149675601e-14,3.82339305405339e-13
"ENSDARG00000013880",183.241929937255,7.51760585254924,1.27979280526794,5.874080414896,4.25196949646468e-09,1.09313085522138e-08
"ENSDARG00000014005",143.300701189444,7.16290185869131,1.15410602426195,6.20645045438698,5.41946958685941e-10,1.51519337199278e-09
"ENSDARG00000014161",909.106993574652,9.82830628619177,1.26984378766548,7.73977585405244,9.95922337062633e-15,4.9870439415599e-14
"ENSDARG00000014554",474.26751722768,8.88955725081428,1.32668891172159,6.70055894209491,2.07623830764586e-11,6.69635935756932e-11
"ENSDARG00000014573",73.9655582860438,6.20878173783398,1.17603980486291,5.27939761236034,1.29609278490165e-07,2.90862293869233e-07
"ENSDARG00000014626",5.01768253949008,2.32702119669538,2.28544127358691,1.01819338942943,0.308586060386542,0.378532354264578
"ENSDARG00000014682",1.67256084649669,0.742058695974228,3.32149513134462,0.223411044312994,0.823215609424834,0.876789958609625
"ENSDARG00000014907",4.35105615487082,2.12136563646724,2.151609025972,0.985943826624779,0.324160678805661,0.396196385206919
"ENSDARG00000015050",1475.83293427735,10.5273137008225,1.11776842217828,9.41815271566461,4.5909361472317e-21,6.69677859737493e-20
"ENSDARG00000015091",97.6823525578044,6.61002604114436,1.21795779725241,5.42713881881288,5.72645901225423e-08,1.32043092688061e-07
"ENSDARG00000015144",1.11504056433113,0.157096195253071,3.36820204875022,0.0466409654110157,0.962799381864313,0.970027605451882
"ENSDARG00000015179",1633.14479538588,10.6734369912534,1.08167620760362,9.86749723829061,5.75834170449097e-23,1.1708628132465e-21
"ENSDARG00000015315",325.748909966732,8.34761654097574,1.29901697052162,6.42610276109306,1.30916918600787e-10,3.86983490665761e-10
"ENSDARG00000015747",47.388025810693,5.56645065430798,1.21230591351559,4.59162212462177,4.39814157842529e-06,8.40784330234579e-06
"ENSDARG00000015891",33.1826492986781,5.05235717037588,1.61720364638486,3.12413169588757,0.00178330620290502,0.00283554137950064
"ENSDARG00000015906",18.7374773887218,4.2278548321026,1.5200925655667,2.78131406459871,0.00541393335632486,0.00816348153279547
"ENSDARG00000015989",224.882103454213,7.81302504304163,1.11675509266933,6.99618483437267,2.63026492108977e-12,9.42063056558017e-12
"ENSDARG00000016089",48.5042645484042,5.6000396911018,1.59739269580779,3.50573763470849,0.00045534382531592,0.000756276501947976
"ENSDARG00000016156",320.158122855039,8.32264080337394,1.14094327867129,7.29452634408458,2.99711581667138e-13,1.19706232915863e-12
"ENSDARG00000016300",2.7995911807249,1.48521616838362,2.49174959601037,0.596053540356404,0.551139459907932,0.636513902922931
"ENSDARG00000016381",2.24207089855933,1.16483189963429,3.01156115368302,0.386786732924134,0.69891409985949,0.772466288225181
"ENSDARG00000016443",1886.57071339809,10.8815504616491,1.14746079224568,9.48315666660207,2.46704687306792e-21,3.96752252056707e-20
"ENSDARG00000016608",151.704267425139,7.24511785879073,1.16374778208514,6.2256770498925,4.7948083625095e-10,1.35751747309868e-09
"ENSDARG00000016934",160.739696945238,7.32858245676882,1.18729620683298,6.17249715327334,6.72197388784038e-10,1.86382003253756e-09
"ENSDARG00000017367",4.90857643703639,2.29530468136047,2.0732258556266,1.10711752659806,0.268243118808808,0.331475382542745
"ENSDARG00000017595",1104.33861304801,10.1089668847338,1.23189533372252,8.20602741808165,2.28627228098279e-16,1.5188997035044e-15
"ENSDARG00000017612",16.8467043373177,4.07439448444023,1.49524704762349,2.72489719402288,0.00643215117337921,0.00954861379941913
"ENSDARG00000017960",495.173928722198,8.95179154735325,1.26994300877844,7.04897108411502,1.8024559899116e-12,6.68203297917505e-12
"ENSDARG00000018022",619.206008127309,9.27427565972834,1.1627720611093,7.97600490235422,1.51145941723831e-15,8.66828435014447e-15
"ENSDARG00000018258",1027.90795485669,10.0054953672706,1.08550158521935,9.21739360265308,3.04409409913841e-20,3.7825687787442e-19
"ENSDARG00000018303",1295.95529680717,10.3398002388515,1.36419521480311,7.57941394798386,3.47119341299388e-14,1.6174797084159e-13
"ENSDARG00000018529",32.7222453490692,5.03219984203087,1.38230206302653,3.64044876776999,0.000272163260300187,0.000461165524397539
"ENSDARG00000018742",1712.27311965966,10.7416971248075,1.09325808461236,9.82539921359578,8.75265470278213e-23,1.72736214869612e-21
"ENSDARG00000018810",22.4087192156962,4.48598828795843,1.42818489666488,3.14104168055142,0.00168348071880322,0.00268317235704741
"ENSDARG00000019274",27.8760141082782,4.8009523850278,1.65226318933439,2.90568259101739,0.0036645297292386,0.00562677219294989
"ENSDARG00000019746",643.951526263458,9.33080828269324,1.08897602785758,8.56842395424478,1.04910935599397e-17,8.28179268084649e-17
"ENSDARG00000020041",94.9714824598792,6.56942246843556,1.20762193960247,5.43996614586026,5.32906968777302e-08,1.23730303131339e-07
"ENSDARG00000020224",134.374377771798,7.07011426401082,1.35369704521218,5.22281871635662,1.7621988912584e-07,3.90242724763824e-07
"ENSDARG00000020371",27.9119834179695,4.80281274045217,1.32329549679196,3.62943329898388,0.00028404411257302,0.000480084633593191
"ENSDARG00000020488",120.818845180985,6.91670169186054,1.17186150944369,5.90232005755018,3.58424960538092e-09,9.32182746205657e-09
"ENSDARG00000020521",44.4661405842372,5.4746352870378,1.2760319785098,4.29035900293916,1.78384513071917e-05,3.24379426209368e-05
"ENSDARG00000020671",898.927719112521,9.81206130610372,1.30824496427697,7.50017127834048,6.37344977198917e-14,2.85105653133649e-13
"ENSDARG00000020795",5.35699061674825,2.42142276904941,1.98063921454623,1.22254611100597,0.221501177615687,0.27832825876428
"ENSDARG00000020853",1.3452425391356,0.427866305468085,3.34430897227053,0.127938629180424,0.89819754056384,0.938770326664075
"ENSDARG00000020876",2.12097502620856,1.08472763370337,2.77571624753942,0.390791974743436,0.695951007446209,0.772466288225181
"ENSDARG00000021154",2.78760141082782,1.47902429014043,2.7826331298683,0.531519686970174,0.595058702566941,0.67560810392964
"ENSDARG00000021202",109.564126128741,6.77563169310829,1.22494700970327,5.53136718522187,3.17744402022561e-08,7.61451763418351e-08
"ENSDARG00000021213",1.11504056433113,0.157096195253071,3.36820204875022,0.0466409654110157,0.962799381864313,0.970027605451882
"ENSDARG00000021318",179.422018177995,7.48721313447468,1.1463546486541,6.53132356837842,6.51909865377498e-11,2.00656660398303e-10
"ENSDARG00000021372",1003.74755517093,9.971180758435,1.11441797018075,8.94743357092289,3.63842800020977e-19,3.64385848976232e-18
"ENSDARG00000021488",139.83687997086,7.12760109079007,1.12497420367381,6.33579069414534,2.36127160062461e-10,6.91883512672102e-10
"ENSDARG00000021557",315.335871154042,8.30074548346375,1.17713238682395,7.0516668952251,1.76787013739533e-12,6.59022701217926e-12
"ENSDARG00000021660",1.67256084649669,0.742058695974228,3.32149513134462,0.223411044312994,0.823215609424834,0.876789958609625
"ENSDARG00000021806",771.763953597997,9.59201585197489,1.0887016624286,8.81050905220228,1.24578828262878e-18,1.16100546894988e-17
"ENSDARG00000022918",23.6940129053465,4.56645065430798,1.33097831305988,3.43089786625438,0.000601587054760677,0.000996703490726949
"ENSDARG00000023110",118.31180117131,6.88645017420629,1.13333593076747,6.07626563956454,1.23013569008179e-09,3.35537011400357e-09
"ENSDARG00000023299",1178.75855227238,10.2030525228169,1.10071577731155,9.26947058734581,1.87072131637019e-20,2.51050800656879e-19
"ENSDARG00000023591",595.281801283255,9.21742897932011,1.08863496830831,8.46696022785635,2.51880049437935e-17,1.89900576598713e-16
"ENSDARG00000023920",4542.24250955631,12.1491890180064,1.07999046017974,11.2493484581192,2.33309091459441e-29,3.1310080073857e-27
"ENSDARG00000024184",70.5496961470481,6.14056796412959,1.20985485276262,5.07545839082103,3.86562944946691e-07,8.26062853691815e-07
"ENSDARG00000024398",259.185792220219,8.01784282599407,1.16773689447353,6.86613813774282,6.59632029151608e-12,2.26981072595246e-11
"ENSDARG00000024488",4081.10973301625,11.9947457870126,1.11491874234196,10.7584035781987,5.40992110670753e-27,2.42003804173384e-25
"ENSDARG00000024560",5.04166207928423,2.33389942385323,2.04644694561513,1.14046417321202,0.254092970496234,0.316907775470209
"ENSDARG00000024936",1.3452425391356,0.427866305468085,3.34430897227053,0.127938629180424,0.89819754056384,0.938770326664075
"ENSDARG00000025226",446.095369464308,8.80120836257675,1.10911380621304,7.93535191183633,2.09899305730542e-15,1.18354986676633e-14
"ENSDARG00000025241",137.524068626298,7.10354032222337,1.16951876448153,6.07390025535206,1.24840288661747e-09,3.39141027093248e-09
"ENSDARG00000025555",100.360847866179,6.64905275382859,1.20670080081223,5.51010884334636,3.58611879190564e-08,8.53292804740668e-08
"ENSDARG00000025875",32.0448273679329,5.0020195926707,1.29542482165028,3.86129670288276,0.000112786837553476,0.000194550046268335
"ENSDARG00000025953",421.775492177553,8.72033145763955,1.09329584563202,7.97618640231679,1.50923957890782e-15,8.66828435014447e-15
"ENSDARG00000026090",281.232413956146,8.13561907422351,1.34979203241806,6.02731300735943,1.66707952900424e-09,4.47444145584738e-09
"ENSDARG00000026294",1244.09392079587,10.2808796880982,1.37681476557109,7.46714804720575,8.19515494870739e-14,3.54770901327913e-13
"ENSDARG00000026482",122.179672010158,6.93286046241345,1.150155331827,6.02776013862467,1.66247530962225e-09,4.47444145584738e-09
"ENSDARG00000026611",92.7138272712827,6.53471261225036,1.18735961088244,5.50356652892529,3.72183988973533e-08,8.79350199300142e-08
"ENSDARG00000026840",3.12690948808599,1.64473745943584,2.37067502279142,0.693784446886861,0.487817397782839,0.571248645571177
"ENSDARG00000027070",2.78760141082782,1.47902429014043,2.7826331298683,0.531519686970174,0.595058702566941,0.67560810392964
"ENSDARG00000027428",110.302691132742,6.78532417958434,1.17196742921728,5.78968665035004,7.05178552018748e-09,1.77219029365011e-08
"ENSDARG00000027491",1237.71065087807,10.2734583687346,1.12870728013911,9.10196872963235,8.87089799147241e-20,1.04427588636456e-18
"ENSDARG00000027710",1.79365671884746,0.842903804746928,3.29109647400721,0.256116407222975,0.797860953280594,0.863491451050449
"ENSDARG00000028088",40.0671253497781,5.32434710097777,1.24927773143433,4.26194029318425,2.02659595647746e-05,3.67525915350372e-05
"ENSDARG00000028957",185.472011065917,7.53505768097114,1.2802970593773,5.88539794400215,3.97097361635158e-09,1.02877347357989e-08
"ENSDARG00000029121",3.34512169299339,1.74205869597423,2.60739605843092,0.668122010210665,0.504055713156903,0.587189901958823
"ENSDARG00000029241",397.696608462121,8.63552444873519,1.09850048603833,7.86119310686759,3.80491670573749e-15,2.02626913456338e-14
"ENSDARG00000029291",1234.0453918819,10.2691797467657,1.08296491996213,9.48246758272172,2.48339710676329e-21,3.96752252056707e-20
"ENSDARG00000029305",217.810591814376,7.76693030171076,1.15597118113849,6.71896534138616,1.83019430436071e-11,5.96145814672833e-11
"ENSDARG00000029308",1.11504056433113,0.157096195253071,3.36820204875022,0.0466409654110157,0.962799381864313,0.970027605451882
"ENSDARG00000029621",217.400543291116,7.76421173548686,1.11728599695512,6.94917125663998,3.67438284336372e-12,1.2976373094195e-11
"ENSDARG00000029695",395.598422838423,8.62789286418388,1.38114328306209,6.24692091689084,4.18622876339339e-10,1.19530191499445e-09
"ENSDARG00000029768",2906.70581534669,11.5051693498696,1.12176703826251,10.2562911526531,1.10884065674516e-24,3.47619337277646e-23
"ENSDARG00000030472",21.1857707222915,4.40502370869666,1.69780638833183,2.59453830482095,0.00947180585333415,0.0138465832845037
"ENSDARG00000030583",1051.86335438911,10.0387315836368,1.10798764017431,9.06032812970511,1.3005871236057e-19,1.47914230498207e-18
"ENSDARG00000031048",37.691968808971,5.23618524984598,1.24445885912879,4.20760012388975,2.58097058576725e-05,4.64297925750623e-05
"ENSDARG00000031293",353.475064005442,8.46546463308495,1.15606431515998,7.32265888850094,2.43105204955421e-13,9.88627833485377e-13
"ENSDARG00000031439",307.056995310838,8.26236266042046,1.15098238761126,7.17853092223945,7.04644549413119e-13,2.70180852946402e-12
"ENSDARG00000031588",1.67256084649669,0.742058695974228,3.32149513134462,0.223411044312994,0.823215609424834,0.876789958609625
"ENSDARG00000031616",3.90264197515895,1.96445111731068,2.47452954283852,0.79386852462358,0.427271975094963,0.506322549372162
"ENSDARG00000031702",6.04759654116166,2.59636189493583,1.90154534595368,1.36539572956314,0.172128705374427,0.220838166933538
"ENSDARG00000031770",2105.16903550553,11.0397203644595,1.09525965870493,10.0795462306292,6.8039609922959e-24,1.69988927296699e-22
"ENSDARG00000031968",19.245840417919,4.26647476631104,1.38936454081515,3.0708101732666,0.00213478825803252,0.0033704539320937
"ENSDARG00000032459",1851.05250353282,10.854130101271,1.08249087154349,10.0269945794503,1.15993558193532e-23,2.77970276956643e-22
"ENSDARG00000032780",277.857321856458,8.11820044721924,1.10929814734961,7.31832146895372,2.5109178273837e-13,1.01495533865932e-12
"ENSDARG00000032985",34.4931207015025,5.10823675476501,1.29532053822516,3.94360824523347,8.02647372635499e-05,0.000140988582994351
"ENSDARG00000033029",1.4543486415893,0.540373158665086,3.22968648907739,0.167314431444847,0.867122649546489,0.911973821074755
"ENSDARG00000033144",371.436800870994,8.53697295013119,1.13159461660746,7.54419721059226,4.55082045609901e-14,2.10593139727065e-13
"ENSDARG00000033170",1.4543486415893,0.540373158665086,3.22968648907739,0.167314431444847,0.867122649546489,0.911973821074755
"ENSDARG00000033446",20.1186892375486,4.33046440937033,1.36997531809127,3.1609798747351,0.00157239362166633,0.00251208600032883
"ENSDARG00000033537",117.636779536934,6.87819538396026,1.57565916442118,4.36528123548025,1.269593072574e-05,2.327587299719e-05
"ENSDARG00000033662",47.1818033756826,5.5601586569881,1.21116337832018,4.5907585685919,4.41637960767439e-06,8.41872362712931e-06
"ENSDARG00000033824",6.03560677126459,2.59349881520412,1.86799826945819,1.38838394960417,0.165020161173199,0.212530764198112
"ENSDARG00000033999",1146.19698269769,10.1626392882158,1.08851434133946,9.33624749097044,9.98088702567699e-21,1.3952448321311e-19
"ENSDARG00000034309",100.365640559699,6.64912164752797,1.34819110408163,4.93188363830456,8.14404289011182e-07,1.67452131023909e-06
"ENSDARG00000034633",118.01925400026,6.882878433978,1.17293321474366,5.86809065295522,4.40842216272454e-09,1.12902720274358e-08
"ENSDARG00000035458",5.91451089891382,2.56425886968315,1.92390068232956,1.33284368223115,0.182583107314744,0.232472988630347
"ENSDARG00000035835",15.3072291330689,3.93614124919681,1.45224174597004,2.71038982326432,0.00672041716928254,0.00995452521101233
"ENSDARG00000035837",18.9185221105579,4.24172748657487,1.40690480553424,3.01493567289662,0.00257033763510944,0.00402027168568399
"ENSDARG00000035910",5797.75296709951,12.5012781484627,1.13842359456471,10.9812184218149,4.70534154381448e-28,3.15728417589952e-26
"ENSDARG00000036012",116.043354386197,6.85852009402881,1.19949409903521,5.71784396400558,1.07884138558181e-08,2.68112062861257e-08
"ENSDARG00000036451",311.714992789513,8.28408373679092,1.10755303965086,7.47962710607734,7.45337929369587e-14,3.26876961181041e-13
"ENSDARG00000036482",964.767872217263,9.91403805455358,1.15066737088993,8.61590265385387,6.93926985817835e-18,5.60993984920201e-17
"ENSDARG00000036863",640.394183232457,9.32281639353801,1.09246355533078,8.53375506033716,1.4167262115712e-17,1.09267044593595e-16
"ENSDARG00000037196",4.79947033458269,2.26287520003493,2.04872253168958,1.10452985459614,0.269363360348778,0.332247821312555
"ENSDARG00000037357",36.8191199893414,5.20238324025565,1.25986738524659,4.12931019659455,3.63853231511524e-05,6.49323187085726e-05
"ENSDARG00000037358",1234.79355834514,10.2700541465148,1.11239185587458,9.23240681085383,2.6461790107165e-20,3.35016248337882e-19
"ENSDARG00000037359",7.80528395031791,2.96445111731068,2.02594783043335,1.46324158637223,0.143401285179451,0.185399349432392
"ENSDARG00000037361",133.791679776458,7.0638445903694,1.2011434225733,5.88093349854591,4.07959061866099e-09,1.05284819427751e-08
"ENSDARG00000037617",2.90869728317859,1.54037315866509,2.42974035216402,0.633966159097277,0.526102907398907,0.609697842598733
"ENSDARG00000037618",2193.72844366991,11.0991692337313,1.08336565474996,10.2450813214057,1.24520124531203e-24,3.63273928523639e-23
"ENSDARG00000038018",1.00593446187743,0.00853631448296438,3.38325529945699,0.00252310680909432,0.997986854167738,0.997986854167738
"ENSDARG00000038138",63.0573443874341,5.97859250817291,1.2358345965571,4.83769634288329,1.31352607862941e-06,2.62314285345338e-06
"ENSDARG00000038576",746.078448752453,9.54318352491437,1.09158537243767,8.7424985400849,2.28010827905429e-18,2.06750358816949e-17
"ENSDARG00000038991",557.87999133467,9.12381099905658,1.16968342018892,7.80023965594291,6.17897169887385e-15,3.1893000076495e-14
"ENSDARG00000039117",685.938188861858,9.42193476815504,1.1614746175814,8.1120453478138,4.97747168125909e-16,2.98203883761147e-15
"ENSDARG00000039134",429.691088439802,8.74715604648391,1.24919286244168,7.00224625794502,2.51890819669492e-12,9.08702903216285e-12
"ENSDARG00000039145",4.24195005241712,2.08472763370337,2.13168081033216,0.977973636390022,0.328087363336077,0.400266583270014
"ENSDARG00000039657",3.90264197515895,1.96445111731068,2.47452954283852,0.79386852462358,0.427271975094963,0.506322549372162
"ENSDARG00000039667",642.053564171773,9.32654985089401,1.11950858661745,8.33093194852021,8.02084280717452e-17,5.78708120818721e-16
"ENSDARG00000040110",735.86562543568,9.52329853320814,1.33742711968818,7.12061120416675,1.07449498302476e-12,4.09651212278189e-12
"ENSDARG00000040299",63.023771424503,5.97782418457486,1.29938346351501,4.60050812744994,4.21461574965916e-06,8.08002048006085e-06
"ENSDARG00000040301",5.13877841184085,2.3614254433416,1.9761680257747,1.19495175134001,0.232105881626273,0.290024295290929
"ENSDARG00000040407",348.133657678731,8.44349749081945,1.10982868015951,7.6079287206796,2.78523365380801e-14,1.32545516432991e-13
"ENSDARG00000040450",83.7970972767738,6.38882836486289,1.23276298420212,5.18252774193891,2.18898794850005e-07,4.81577348670011e-07
"ENSDARG00000040510",1404.75211784298,10.4560998600126,1.09361711498804,9.56102434454585,1.16596877467022e-21,2.00606422513774e-20
"ENSDARG00000040513",2397.12267598813,11.2270880274042,1.14799665777559,9.77972187580962,1.3758810283026e-22,2.6377604856887e-21
"ENSDARG00000040712",12.3865420799932,3.63070158500303,1.57432538766943,2.30619515726528,0.0210997300620311,0.0301232316417508
"ENSDARG00000041323",2.90869728317859,1.54037315866509,2.42974035216402,0.633966159097277,0.526102907398907,0.609697842598733
"ENSDARG00000042054",212.622656149567,7.73215152217116,1.1880501157244,6.50827050124612,7.60209377355123e-11,2.30814702355334e-10
"ENSDARG00000042410",69.4442490058539,6.11778331790211,1.23061527421091,4.97132080684186,6.6498309122018e-07,1.39004253647583e-06
"ENSDARG00000042794",8.73808161943285,3.12731658156619,1.72696315769943,1.81087625849079,0.0701600084159368,0.0952983110265053
"ENSDARG00000042826",3.58731343769493,1.84290380474693,2.53560102395145,0.726811429455479,0.46734148050398,0.550151111259949
"ENSDARG00000042827",142.372696213849,7.15352868710586,1.2070989024517,5.92621588220861,3.0999500239528e-09,8.09364383685731e-09
"ENSDARG00000043814",18.1188100836908,4.1794163072954,1.3988372763698,2.98777876304643,0.00281012892822261,0.00436480673804947
"ENSDARG00000043816",452.948676935333,8.8232037792833,1.22038455065006,7.22985535549713,4.8350873432498e-13,1.91972994516013e-12
"ENSDARG00000043818",27.3304835960098,4.77243908257111,1.40021769068619,3.40835508243889,0.000653557891876199,0.0010801412449481
"ENSDARG00000043820",1.11504056433113,0.157096195253071,3.36820204875022,0.0466409654110157,0.962799381864313,0.970027605451882
"ENSDARG00000044161",3.01780338563229,1.59349881520412,2.39206379483488,0.666160667890598,0.505308410212332,0.587629017768587
"ENSDARG00000044445",3.46621756534416,1.79336221150678,2.26923127456113,0.79029503586126,0.429355485235112,0.506322549372162
"ENSDARG00000044447",12.4105216197873,3.6334918487493,1.51963726697696,2.39102575838869,0.0168013740747743,0.0242968146641672
"ENSDARG00000045033",8.36280423248347,3.06398679086159,1.99283756876677,1.5374995126962,0.124171034290999,0.163050418804814
"ENSDARG00000045036",479.551379087762,8.90554158350434,1.0916089505641,8.15817933601803,3.40112278564506e-16,2.15297489544135e-15
"ENSDARG00000045051",8638.38621585011,13.0765461044758,1.20223423213462,10.8768705423217,1.48576553045811e-27,7.66883593028766e-26
"ENSDARG00000045064",15.6105679006358,3.96445111731068,1.76778072633693,2.24261474188913,0.0249216687787249,0.0352794087563807
"ENSDARG00000045065",410.539959971583,8.68137884356113,1.09463661443099,7.93083177477476,2.17682928595995e-15,1.2172103757326e-14
"ENSDARG00000045066",458.414757582342,8.84050967878262,1.36562614259543,6.47359434843629,9.56986105745638e-11,2.85394523091255e-10
"ENSDARG00000045067",1823.0913226814,10.8321711156385,1.66683196400488,6.49865814284732,8.10395776806621e-11,2.44943948755515e-10
"ENSDARG00000045070",1.79365671884746,0.842903804746928,3.29109647400721,0.256116407222975,0.797860953280594,0.863491451050449
"ENSDARG00000045074",527.198379106574,9.04220212450137,1.10561866592483,8.17840943101095,2.87615056978539e-16,1.87368643915145e-15
"ENSDARG00000045075",674.377742731383,9.39741311190742,1.09157419345243,8.60904661201757,7.36706920312047e-18,5.88488504201647e-17
"ENSDARG00000045091",25.972053113597,4.69888815972104,1.33401936986307,3.52235377227196,0.000427732935959551,0.000713952238877758
"ENSDARG00000045092",99.0539709834943,6.63014290749187,1.14315629154934,5.79985690189914,6.63715331939294e-09,1.67425935237318e-08
"ENSDARG00000045097",268.891434608981,8.07087998944828,1.15187361509379,7.00674091644255,2.43933361595111e-12,8.84752895299026e-12
"ENSDARG00000045105",366.658913729445,8.5182948024845,1.1047805283145,7.71039548957326,1.25428432455662e-14,6.18841751306979e-14
"ENSDARG00000045123",24.6519882876356,4.62363210567029,1.42877485784672,3.23608165434719,0.00121182713505858,0.00194996644514222
"ENSDARG00000045129",108.77400752501,6.76519004328587,1.13754561348585,5.94718133768272,2.72799145397331e-09,7.15032135006286e-09
"ENSDARG00000045130",97.9737015554743,6.61432264281802,1.18207588782756,5.59551439203616,2.19968598715346e-08,5.30931401935242e-08
"ENSDARG00000045140",272.433193349945,8.08975868227265,1.14375376729155,7.07298975847701,1.51630682549995e-12,5.71596561747452e-12
"ENSDARG00000045141",5.57520282165565,2.47902429014043,2.21559486227472,1.1188978329708,0.263183727576755,0.325823397055356
"ENSDARG00000045142",4.13284394996342,2.0471348907233,2.13408713101027,0.959255534123477,0.337430030070839,0.410173098147704
"ENSDARG00000045146",950.592466111942,9.89268315743011,1.21520549257942,8.14074921306662,3.92839342944475e-16,2.44069628810873e-15
"ENSDARG00000045147",2320.59250511749,11.1802774930576,1.08875666046566,10.268848769454,9.73595038555925e-25,3.26641135435513e-23
"ENSDARG00000045150",15.4283250054196,3.94750953738283,1.44490038338839,2.73202885317648,0.00629456282347093,0.00938589256566442
"ENSDARG00000045153",13.9380070541391,3.8009523850278,1.79973895075803,2.11194650392318,0.0346910380180477,0.0489027027523319
"ENSDARG00000045155",404.927589666856,8.6615201338993,1.09766155873782,7.89088409350784,3.00053232913361e-15,1.62367515552311e-14
"ENSDARG00000045156",1.563454744043,0.644737459435844,3.13805901686524,0.205457404073905,0.837214774766569,0.886074312095218
"ENSDARG00000045157",13.3804867719736,3.74205869597423,1.81212816446278,2.0650077457869,0.0389222674066053,0.0542969676295886
"ENSDARG00000045159",716.019114421721,9.48385429110971,1.08767038301546,8.71941944839634,2.79631842201122e-18,2.46885481732833e-17
"ENSDARG00000045160",371.02676038383,8.53537943505945,1.11474823963075,7.65677767554649,1.90656266781146e-14,9.20362266260062e-14
"ENSDARG00000045167",1616.58102872429,10.6587301068857,1.1186855902967,9.52790506942959,1.60489085659257e-21,2.69220441193403e-20
"ENSDARG00000045172",55.7376420998993,5.80058006749891,1.20935344229983,4.79643077417298,1.61517740388325e-06,3.19700306196359e-06
"ENSDARG00000045190",1.67256084649669,0.742058695974228,3.32149513134462,0.223411044312994,0.823215609424834,0.876789958609625
"ENSDARG00000045219",78.6103597853447,6.29664754765187,1.57842845822882,3.98918779931112,6.62999169475223e-05,0.000117380591746141
"ENSDARG00000045249",6.93243513068832,2.79336221150678,1.7869417745881,1.56320829879903,0.118003608802906,0.156174401393984
"ENSDARG00000045265",1.563454744043,0.644737459435844,3.13805901686524,0.205457404073905,0.837214774766569,0.886074312095218
"ENSDARG00000045268",21.3548256742305,4.41649021576839,1.35396843119628,3.26188566439933,0.00110673772450209,0.00179377056314227
"ENSDARG00000045269",82.0490032907545,6.35841390326109,1.1790397636395,5.39287486253536,6.93392436242548e-08,1.58253851945153e-07
"ENSDARG00000045940",783.527019607246,9.61383921607596,1.15278356346334,8.33967409041886,7.44955661842453e-17,5.43331792495963e-16
"ENSDARG00000045947",8.36280423248347,3.06398679086159,1.99283756876677,1.5374995126962,0.124171034290999,0.163050418804814
"ENSDARG00000051891",553.84424764507,9.11333650766892,1.18144627695887,7.71371215551784,1.22209934999762e-14,6.07428639887706e-14
"ENSDARG00000052388",142.029793616451,7.15004978566033,1.12485775662868,6.35640350393261,2.06532078934357e-10,6.07820284934006e-10
"ENSDARG00000052515",5.24788451429455,2.39173597214964,1.97318184996632,1.21212141303168,0.225465908108882,0.282253030487052
"ENSDARG00000052518",1842.96426583459,10.8478123827588,1.08572610139729,9.99129740806452,1.66389500752433e-23,3.67078246641086e-22
"ENSDARG00000052522",1300.52339913795,10.3448766412799,1.09535306973897,9.44433071588976,3.57682811318903e-21,5.45466287261327e-20
"ENSDARG00000052534",3.34512169299339,1.74205869597423,2.60739605843092,0.668122010210665,0.504055713156903,0.587189901958823
"ENSDARG00000052644",37.9581400934666,5.24633739853011,1.27705192348373,4.10816295097725,3.98818688996794e-05,7.09833793943896e-05
"ENSDARG00000052654",4.48414179711866,2.16483189963429,2.35559177964906,0.919018277418514,0.35808601221691,0.433710675446835
"ENSDARG00000052779",1.11504056433113,0.157096195253071,3.36820204875022,0.0466409654110157,0.962799381864313,0.970027605451882
"ENSDARG00000052842",762.378432440219,9.57436349599574,1.10347038041095,8.6765931065862,4.07800904216806e-18,3.46372666746173e-17
"ENSDARG00000052879",996.105311197365,9.96015446611483,1.11929634850178,8.89858568684415,5.65628123171838e-19,5.42194958069005e-18
"ENSDARG00000052896",3.80552564260233,1.92809574140289,2.20374835918283,0.874916472821716,0.381619355338526,0.456446679914707
"ENSDARG00000053026",144.050057789963,7.17042642905263,1.43912133613543,4.98250303779656,6.27670049896073e-07,1.31780604786225e-06
"ENSDARG00000053474",1212.44120149488,10.2436990687712,1.28130541141479,7.9947364441865,1.29851335355941e-15,7.57654313250751e-15
"ENSDARG00000053520",2.24207089855933,1.16483189963429,3.01156115368302,0.386786732924134,0.69891409985949,0.772466288225181
"ENSDARG00000053530",1.90276282130116,0.928095741402886,2.89108493497838,0.321019880866913,0.748195324870835,0.816323679655821
"ENSDARG00000053776",495.164351371254,8.95176364335926,1.13516847142689,7.8858459062971,3.12411927800426e-15,1.67702722843268e-14
"ENSDARG00000053805",414.192014952283,8.69415593044134,1.09981544658667,7.90510440403806,2.67709129431147e-15,1.47240021187131e-14
"ENSDARG00000053862",1.11504056433113,0.157096195253071,3.36820204875022,0.0466409654110157,0.962799381864313,0.970027605451882
"ENSDARG00000053929",5.80540479646012,2.53739666614076,1.91352495322848,1.32603270308008,0.18482886523479,0.234886682902546
"ENSDARG00000053979",1383.49797891315,10.4341048210465,1.14781779505272,9.09038426309395,9.86896379531689e-20,1.14173701838925e-18
"ENSDARG00000054023",122.709618232389,6.93910452461364,1.16503013188603,5.95615884490484,2.58235348313323e-09,6.79513406738196e-09
"ENSDARG00000054033",2.78760141082782,1.47902429014043,2.7826331298683,0.531519686970174,0.595058702566941,0.67560810392964
"ENSDARG00000054154",1683.90908736136,10.7175985354456,1.19815789131291,8.9450635956681,3.71735643617364e-19,3.66815613040075e-18
"ENSDARG00000054177",58.9005208976765,5.88020848774058,1.22706813724313,4.79207984403515,1.6506118431889e-06,3.25753101994044e-06
"ENSDARG00000054201",1231.55511426345,10.2662654770912,1.18523090528285,8.66182735476448,4.6426111818676e-18,3.84591617658415e-17
"ENSDARG00000054208",1325.1801881552,10.3719728246275,1.11374251197458,9.31272059126011,1.24599106502529e-20,1.70624490741218e-19
"ENSDARG00000054442",104.704706944673,6.7101824890931,1.44766702828874,4.63516979938754,3.56644604937499e-06,6.8964994211257e-06
"ENSDARG00000054528",52.9860099987627,5.72753958721053,1.26822448573089,4.51618751384514,6.29629155485858e-06,1.18011498137154e-05
"ENSDARG00000054707",4214.08002917574,12.0410019971559,1.13186236302602,10.6382210333104,1.97871069607498e-26,7.37619376147951e-25
"ENSDARG00000054879",28.3244282879901,4.82397493127188,1.50283518258224,3.20991615526534,0.00132773695146993,0.00213136721157015
"ENSDARG00000054903",1325.07347839951,10.3718566473442,1.10584315305547,9.37913900238613,6.65136411181206e-21,9.4958836575019e-20
"ENSDARG00000054907",405.244108341603,8.6626474009879,1.32219062957493,6.55173861258783,5.68710245487778e-11,1.76668784593657e-10
"ENSDARG00000055075",193.729311752183,7.59789844376864,1.15791023762136,6.56173354108745,5.31857940097187e-11,1.66764802712716e-10
"ENSDARG00000055078",51.6647469994212,5.69110830043954,1.33861110401338,4.25150238435693,2.12341249259562e-05,3.84045763485623e-05
"ENSDARG00000055128",2.01186892375486,1.00853631448296,2.8132383809057,0.358496571541255,0.719971733139157,0.786809499896375
"ENSDARG00000055284",3.69641954014863,1.88612851058024,2.2595483028546,0.834736972959327,0.403865819501089,0.481339191625632
"ENSDARG00000055291",457.148650738966,8.83651955158458,1.13232293100338,7.8038864264228,6.0029219982401e-15,3.12245012466598e-14
"ENSDARG00000055381",1456.18182999359,10.5079747973768,1.3764700845937,7.63400157765037,2.27577126474258e-14,1.09074465617305e-13
"ENSDARG00000055477",557.672554654087,9.12327446158033,1.15287631599087,7.91348936137964,2.50273234813311e-15,1.38787884760109e-14
"ENSDARG00000055538",250.861353644187,7.97074642377286,1.12993781260776,7.05414610860518,1.73663828423347e-12,6.50996809341149e-12
"ENSDARG00000055563",1854.90961491953,10.8571331743199,1.31019152718464,8.28667637444566,1.16456948916482e-16,8.13985549197493e-16
"ENSDARG00000055569",50.3926412530481,5.65514116982593,1.24685013048137,4.53554202832913,5.74557347919608e-06,1.08294376532038e-05
"ENSDARG00000055588",273.904324454951,8.0975282335488,1.10153943809284,7.35110151622762,1.96580043692992e-13,8.19287014397503e-13
"ENSDARG00000055630",4861.06134055863,12.2470556239236,1.12911961906674,10.8465528515449,2.07088899443453e-27,9.92547510903979e-26
"ENSDARG00000055642",22.8571333954081,4.51457257562473,1.42512702135209,3.16783873155498,0.00153576685661373,0.00245942615939813
"ENSDARG00000055652",10.640844440734,3.41154074028643,1.62857976127559,2.09479499954876,0.0361892198276558,0.0508011851555587
"ENSDARG00000055679",10.2655670537846,3.35974141674086,1.65322844165232,2.03223059324032,0.0421303171361897,0.0584079396660812
"ENSDARG00000055868",772.516888646463,9.59342266311557,1.40725813522544,6.81710229486699,9.28951211295059e-12,3.1481124382777e-11
"ENSDARG00000055930",4700.02912055064,12.1984539801638,1.09594911348386,11.130493040308,8.91410768300554e-29,9.46517951763e-27
"ENSDARG00000056045",19.3549465203727,4.27463041621432,1.38498954151494,3.08639905795868,0.0020259672159545,0.00321376832601766
"ENSDARG00000056050",307.78956944794,8.26580053138007,1.10081287245973,7.50881529293026,5.96648380964344e-14,2.7013599267232e-13
"ENSDARG00000056058",215.874256030144,7.75404739556148,1.11100776700014,6.97929179784077,2.96671726314032e-12,1.05326311299849e-11
"ENSDARG00000056059",354.532544030951,8.46977425435398,1.20516921636001,7.02787138882901,2.09708053832353e-12,7.64750565877765e-12
"ENSDARG00000056079",477.089897810915,8.89811732792591,1.09124620432084,8.15408776928011,3.51825303256363e-16,2.20630634098149e-15
"ENSDARG00000056247",66.9623827093532,6.06527895882413,1.23054564976035,4.9289345421727,8.26792675755673e-07,1.69139599217091e-06
"ENSDARG00000056270",149.011386000108,7.21927876139033,1.1218206024137,6.4353237459335,1.23210428700884e-10,3.65815033886253e-10
"ENSDARG00000056374",15.9127084948227,3.99210751191902,1.54012065493453,2.59207452294621,0.00953991038894455,0.0139158258064822
"ENSDARG00000056559",674.330989861271,9.39731309011286,1.1005558299954,8.53869729639447,1.35743461670058e-17,1.05911468349545e-16
"ENSDARG00000056600",511.597396592978,8.99886511245409,1.38645984929974,6.49053423148108,8.55325282961459e-11,2.56215743244258e-10
"ENSDARG00000056605",22.3847396759021,4.48444363535491,1.35854925191588,3.30090619021046,0.00096373099830864,0.00156957160161431
"ENSDARG00000056609",271.832506681711,8.08657417871417,1.10281049287685,7.33269608055607,2.2556808646538e-13,9.28565558394293e-13
"ENSDARG00000056623",751.873069988492,9.55434531875956,1.09509022924528,8.72471058877433,2.66862240207678e-18,2.38752750905803e-17
"ENSDARG00000056783",156.34787075106,7.2886157615941,1.32667982117933,5.4938770042609,3.93204391228815e-08,9.25754900050999e-08
"ENSDARG00000057060",80.3428694813267,6.32809808368613,1.22951302078549,5.14683291409417,2.64921096007096e-07,5.77149530586887e-07
"ENSDARG00000057138",256.789052486378,8.00443988810615,1.11305378389372,7.19142237682778,6.41197847472063e-13,2.50141718403346e-12
"ENSDARG00000057206",1.563454744043,0.644737459435844,3.13805901686524,0.205457404073905,0.837214774766569,0.886074312095218
"ENSDARG00000057316",3.91463174505603,1.96887659753681,2.1706372336667,0.907050043645904,0.364380333979424,0.436605721607488
"ENSDARG00000057321",340.035818521266,8.4095429140237,1.1637834907444,7.22603730067061,4.97291210081163e-13,1.96283765861447e-12
"ENSDARG00000057415",20.178638087034,4.3347569010766,1.69457285956212,2.55802332523885,0.0105269031040644,0.0153222385744625
"ENSDARG00000057481",19.4041037733411,4.27828989510087,1.55826069194092,2.74555465412656,0.00604087045402726,0.0090680628068284
"ENSDARG00000057484",10991.3409919564,13.4240797917168,1.12924437821239,11.8876658150534,1.37187126534399e-32,3.06841873015271e-30
"ENSDARG00000057531",1064.04005540566,10.05533674626,1.13633169343237,8.84894507860394,8.83504359744666e-19,8.34973838575593e-18
"ENSDARG00000057644",38.3825747333844,5.2623795867879,1.2510905228079,4.20623407407579,2.59661295015415e-05,4.65862911645304e-05
"ENSDARG00000058076",120.84641924092,6.91703091550625,1.14862527254302,6.02200829187065,1.72266067469405e-09,4.56879570244945e-09
"ENSDARG00000058421",5.57520282165565,2.47902429014043,2.21559486227472,1.1188978329708,0.263183727576755,0.325823397055356
"ENSDARG00000059026",1.11504056433113,0.157096195253071,3.36820204875022,0.0466409654110157,0.962799381864313,0.970027605451882
"ENSDARG00000059079",813.760201583437,9.66845991429764,1.28773491712368,7.50811349892833,5.99854886858058e-14,2.7013599267232e-13
"ENSDARG00000059139",12.3865420799932,3.63070158500303,1.57432538766943,2.30619515726528,0.0210997300620311,0.0301232316417508
"ENSDARG00000059163",2.67849530837413,1.42142276904941,2.54049393781668,0.559506459704836,0.57581612388771,0.663870479602497
"ENSDARG00000059903",1.11504056433113,0.157096195253071,3.36820204875022,0.0466409654110157,0.962799381864313,0.970027605451882
"ENSDARG00000060001",324.016408306846,8.3399230633276,1.10629435219064,7.53861126273779,4.7500261226542e-14,2.18305995089107e-13
"ENSDARG00000060196",9.16251625935058,3.19574385338436,1.64899375233501,1.93799633798437,0.0526236693191911,0.0720622083942393
"ENSDARG00000060237",70.4861527774225,6.13926795833472,1.28997437638808,4.75921698190987,1.94345423820794e-06,3.82421640421563e-06
"ENSDARG00000060257",273.507463874968,8.09543639371933,1.12142652609958,7.21887364469253,5.24199329988504e-13,2.05694590890226e-12
"ENSDARG00000060452",102.323559536965,6.67699454711517,1.292243700591,5.16697782628887,2.37909474884937e-07,5.2169038446991e-07
"ENSDARG00000060457",71.8709591463895,6.16733703441127,1.22688531508784,5.02682439716845,4.98668594413645e-07,1.05554140962636e-06
"ENSDARG00000060575",3928.72326295255,11.9398448334139,1.15201334253252,10.3643285998459,3.60279649124975e-25,1.27235602401504e-23
"ENSDARG00000060634",11.7199156953739,3.55089028697659,1.57819100594793,2.24997498629373,0.0244505332074295,0.034759126657172
"ENSDARG00000060678",440.514175775752,8.7830446356907,1.22269701472527,7.18333694277004,6.80301611935908e-13,2.62346196327008e-12
"ENSDARG00000060680",12.4225113896844,3.63488495952312,1.53154208734216,2.37334970391255,0.0176275654694994,0.0254367665162024
"ENSDARG00000060729",180.474713546081,7.4956529039109,1.11756875048606,6.70710674457461,1.98521047942808e-11,6.43515087775963e-11
"ENSDARG00000060868",1155.56810166661,10.1743865700337,1.12871047077344,9.01416867610146,1.98369228680816e-19,2.14686697491657e-18
"ENSDARG00000060941",2.7995911807249,1.48521616838362,2.49174959601037,0.596053540356404,0.551139459907932,0.636513902922931
"ENSDARG00000061004",91.9273031876927,6.52242151269436,1.14923792041826,5.67543186385685,1.38339199937291e-08,3.41270599845303e-08
"ENSDARG00000061020",195.262788053435,7.60927322550242,1.14733592042867,6.63212324308597,3.30892112375013e-11,1.04730475190393e-10
"ENSDARG00000061123",1064.64913732365,10.0561623430541,1.09661045490889,9.17022293380346,4.72041803866021e-20,5.75891000716545e-19
"ENSDARG00000061194",5.58719259155272,2.48212355111156,1.91783074788265,1.29423493384487,0.195584283522346,0.246686192187019
"ENSDARG00000061197",16.6404819023074,4.05662530889534,1.43679330068204,2.82338824030547,0.00475189898556449,0.00723021364923759
"ENSDARG00000061201",1431.65816679907,10.4834713499357,1.09232797567318,9.59736597744364,8.20134780374414e-22,1.47537322705188e-20
"ENSDARG00000061216",38.636756247983,5.27190207256551,1.28525373672597,4.10183757644233,4.09881964498197e-05,7.27594704175371e-05
"ENSDARG00000061226",39.7877661220053,5.31425299630215,1.38699140252803,3.83149671051747,0.000127366077634076,0.00021903013268901
"ENSDARG00000061255",93.9979227875529,6.55455697064351,1.23517155444879,5.30659643758439,1.11691081288949e-07,2.53191606570556e-07
"ENSDARG00000061259",4.46016225732452,2.15709619525307,2.36997776440509,0.910175710359267,0.362729851750884,0.436185896997927
"ENSDARG00000061311",72.8756954348869,6.1873658405511,1.16693801261493,5.30222323179461,1.14400828398583e-07,2.58461130826428e-07
"ENSDARG00000061424",744.465828719345,9.54006181981979,1.16909884481884,8.16018411283104,3.34514300030642e-16,2.13770566971962e-15
"ENSDARG00000061473",1.79365671884746,0.842903804746928,3.29109647400721,0.256116407222975,0.797860953280594,0.863491451050449
"ENSDARG00000061573",66.9000375131077,6.0639351147221,1.17933681278007,5.14181788358447,2.72092801492906e-07,5.90855242076828e-07
"ENSDARG00000061622",54.3552320776924,5.76434700648292,1.33697681078446,4.31147867336663,1.62166417696119e-05,2.95689310527435e-05
"ENSDARG00000061631",444.886799051464,8.79729448040903,1.20467296630896,7.30264123661993,2.82172853714736e-13,1.13376038827897e-12
"ENSDARG00000061647",16.737598234864,4.06502061780276,1.48203960391296,2.74285559378445,0.00609074639384355,0.00910220674892878
"ENSDARG00000061710",2.78760141082782,1.47902429014043,2.7826331298683,0.531519686970174,0.595058702566941,0.67560810392964
"ENSDARG00000061778",2255.67439022973,11.1393431123704,1.24838758518097,8.92298453188766,4.53888163634529e-19,4.41389793911259e-18
"ENSDARG00000061809",68.6349435558498,6.10087136602891,1.23022644739946,4.95914502482481,7.08040971067055e-07,1.46634410983331e-06
"ENSDARG00000061827",3.91463174505603,1.96887659753681,2.1706372336667,0.907050043645904,0.364380333979424,0.436605721607488
"ENSDARG00000061844",475.844167951096,8.89434537899601,1.09446918533132,8.12662932698602,4.41392530062665e-16,2.66823772677521e-15
"ENSDARG00000061864",929.783203094366,9.86075055300378,1.24776325710931,7.90274156320979,2.72834893597711e-15,1.48839198052084e-14
"ENSDARG00000061990",14.7377190810062,3.88144135438465,1.48442970211784,2.61476939517378,0.00892877166768422,0.0131098594945648
"ENSDARG00000062515",307.395113250813,8.2639504200446,1.23554378732289,6.68851278670626,2.25449951215506e-11,7.20366272693356e-11
"ENSDARG00000062817",10.5928853611457,3.40502370869666,1.89271918540609,1.79901156756441,0.072016850918861,0.0976228423566782
"ENSDARG00000062902",6.92044536079125,2.79086488455709,1.81986176151838,1.53355872603673,0.125138248828703,0.163999540945429
"ENSDARG00000062943",51.3146473256461,5.68129878442075,1.2010151199806,4.73041403884452,2.24062388345514e-06,4.39607785321168e-06
"ENSDARG00000063145",62.1269430650793,5.95714716359877,1.31583296314462,4.52728220864919,5.97471266009518e-06,1.12297820586103e-05
"ENSDARG00000063247",2566.87860757109,11.3257993544764,1.11695738174336,10.1398670527599,3.67599523680798e-24,9.86637121559262e-23
"ENSDARG00000063268",2.46028310346673,1.29882433526678,2.59238791094445,0.501014655169257,0.616360808966486,0.693922991302873
"ENSDARG00000063283",31.5472559352527,4.97944261607701,1.27680463451353,3.89992523638841,9.62223967671828e-05,0.000167267430649688
"ENSDARG00000063347",309.898554704251,8.27565221631592,1.10012845019646,7.52244177926499,5.37625607430986e-14,2.4540597454843e-13
"ENSDARG00000063435",46.4911974512692,5.53888568002064,1.21534687580735,4.55745251851754,5.17777905044058e-06,9.78673166998769e-06
"ENSDARG00000063555",16.6524716722045,4.05766442260935,1.42304468494019,2.85139635146445,0.00435276746119944,0.00663797037832914
"ENSDARG00000063612",219.105470891067,7.77548169751168,1.58553884641138,4.90399949210344,9.39047319214732e-07,1.90939621573662e-06
"ENSDARG00000063698",31.7414886003659,4.98829788361517,1.27221094785946,3.92096758167988,8.81941283505182e-05,0.000154512428520099
"ENSDARG00000067692",6.60511682332722,2.72358407834483,1.83378792772427,1.48522303869935,0.137484750996472,0.179130617317734
"ENSDARG00000067720",20.5311341075693,4.35974141674086,1.42951380204214,3.0498071515733,0.00228988350751988,0.00359838836895981
"ENSDARG00000068008",63.7851177949188,5.99514795166753,1.19026243446332,5.03682866742802,4.73308077259835e-07,1.00503075899161e-06
"ENSDARG00000068083",1.00593446187743,0.00853631448296438,3.38325529945699,0.00252310680909432,0.997986854167738,0.997986854167738
"ENSDARG00000070497",2.6904850782712,1.42786630546808,2.81046851580272,0.508052766803637,0.611416338491324,0.691838723655444
"ENSDARG00000071269",298.603073648795,8.22208520559899,1.10093413271649,7.4682807638196,8.12493429454738e-14,3.54014994262422e-13
"ENSDARG00000071292",74.9475132081271,6.22780870459055,1.16771855454761,5.33331313469048,9.64367986190032e-08,2.1935285380797e-07
"ENSDARG00000071306",2.46028310346673,1.29882433526678,2.59238791094445,0.501014655169257,0.616360808966486,0.693922991302873
"ENSDARG00000071314",13.5495417239126,3.7601721520887,1.52242360594095,2.46985933311555,0.0135166191191558,0.01963128014925
"ENSDARG00000071319",22.7971845459227,4.5107837573281,1.34107051027242,3.3635694191887,0.000769414830516379,0.00126538566489336
"ENSDARG00000071393",281.683232518715,8.13792987815189,1.10626516393108,7.35621995836329,1.89191174508813e-13,7.93420488096335e-13
"ENSDARG00000071395",1118.05720168777,10.1267782854373,1.11961698078554,9.04485950037321,1.49857761459094e-19,1.64843537605004e-18
"ENSDARG00000071396",291.387676734097,8.18679605451227,1.21040561447502,6.76367984137537,1.34530195728812e-11,4.46880006604122e-11
"ENSDARG00000071406",18.0948305438967,4.17750569198026,1.40908141241125,2.96470143966459,0.00302976812348704,0.00469509101815197
"ENSDARG00000071409",707.644312383244,9.46688058157628,1.15315505762685,8.20954694597516,2.22024645052726e-16,1.48978536830379e-15
"ENSDARG00000071414",416.515617893362,8.70222678244805,1.09345236579447,7.95848731474026,1.74155247911614e-15,9.90323486005873e-15
"ENSDARG00000071425",155.220840416832,7.27817846087916,1.38980615901312,5.2368299087459,1.63358110257121e-07,3.62957920471948e-07
"ENSDARG00000071426",176.829847605661,7.46621800159837,1.21356194710953,6.15231716797105,7.6358976543632e-10,2.09987185494988e-09
"ENSDARG00000071445",8.25369813002978,3.04504067431865,1.80555886910088,1.68648097075616,0.0917031972752504,0.123312315374134
"ENSDARG00000071548",19.6091280349713,4.29345347908689,1.47028282118381,2.92015482819148,0.00349857522523801,0.00539665281870047
"ENSDARG00000071566",3597.79355010861,11.8128966883777,1.07902903943615,10.9477097062657,6.81489558028925e-28,4.15708630397644e-26
"ENSDARG00000071573",350.360136251156,8.45269482514635,1.12883611305141,7.48797343336001,6.99451800454585e-14,3.08771156648044e-13
"ENSDARG00000071601",2.23008112866226,1.15709619525307,3.02670509700899,0.382295650936235,0.70224208020471,0.772466288225181
"ENSDARG00000071691",438.899151359787,8.77774567042976,1.19174581279904,7.36545123646259,1.76548654295686e-13,7.45057528505694e-13
"ENSDARG00000071694",1414.31748554921,10.4658902968984,1.08864181734237,9.61371328032213,6.9978783882802e-22,1.30432677737112e-20
"ENSDARG00000071700",1.11504056433113,0.157096195253071,3.36820204875022,0.0466409654110157,0.962799381864313,0.970027605451882
"ENSDARG00000071707",28.0198913470431,4.80837945631684,1.44538959400148,3.32670131034021,0.000878805166214873,0.00143823967446385
"ENSDARG00000071733",64.5752363986489,6.01290911469458,1.33574775619447,4.50153038761246,6.74659170248174e-06,1.25400638015658e-05
"ENSDARG00000071772",16.5673451095449,4.05027052640456,1.44339407284934,2.80607396316177,0.00501491797615478,0.00759595928216672
"ENSDARG00000071837",1.00593446187743,0.00853631448296438,3.38325529945699,0.00252310680909432,0.997986854167738,0.997986854167738
"ENSDARG00000071875",2.23008112866226,1.15709619525307,3.02670509700899,0.382295650936235,0.70224208020471,0.772466288225181
"ENSDARG00000071877",13.610688746778,3.76666816881374,1.56575973431626,2.40564889124485,0.0161437719857923,0.0233962656640747
"ENSDARG00000073711",23.4158518509537,4.54941361803183,1.67951222743129,2.70877076315775,0.00675329825979503,0.00998119632670146
"ENSDARG00000073765",428.872181530564,8.74440392946121,1.12285539331678,7.78764922135811,6.82673932760755e-15,3.4967496861257e-14
"ENSDARG00000073771",79.7218058295356,6.31690248484116,1.19568324075306,5.28309026131593,1.27022767658544e-07,2.86014352680815e-07
"ENSDARG00000073798",34.8204390088636,5.1218624871905,1.30852673135829,3.9142207525817,9.06966321251885e-05,0.000158482917072921
"ENSDARG00000073810",17.6224368243907,4.13934152830489,1.53223806438958,2.70150025933075,0.00690274265204284,0.0101796490538917
"ENSDARG00000074001",1.11504056433113,0.157096195253071,3.36820204875022,0.0466409654110157,0.962799381864313,0.970027605451882
"ENSDARG00000074018",3.34512169299339,1.74205869597423,2.60739605843092,0.668122010210665,0.504055713156903,0.587189901958823
"ENSDARG00000074041",2988.86152839313,11.5453803442983,1.12597913404316,10.253636142298,1.13973553205785e-24,3.47619337277646e-23
"ENSDARG00000074121",656.290101227766,9.35818986298352,1.12970317768566,8.28375988297644,1.1934612288845e-16,8.25579881011858e-16
"ENSDARG00000074156",37.9113791872584,5.24455903650341,1.61653975743508,3.24431181626168,0.00117734784066487,0.00190361542430393
"ENSDARG00000074161",698.951801532735,9.44904916313341,1.08692043458788,8.69341385298005,3.5170836458065e-18,3.02559375171303e-17
"ENSDARG00000074169",216.063696001737,7.75531287419702,1.24548124893962,6.22676004219233,4.76179572016949e-10,1.35388344416683e-09
"ENSDARG00000074229",2246.78637621586,11.1336472446828,1.11236996202964,10.0089427301401,1.39232503589214e-23,3.2215520658056e-22
"ENSDARG00000074270",398.415986619848,8.63813172712662,1.13632581772169,7.60180891115006,2.92019720583173e-14,1.37989600360077e-13
"ENSDARG00000074312",184.37615734786,7.52650829510824,1.11320872957262,6.76109349052428,1.36954108976727e-11,4.5269067548465e-11
"ENSDARG00000074386",2.35117700101303,1.23338315186697,2.66050916376826,0.463589138749684,0.642942137423839,0.722636807724281
"ENSDARG00000074494",7.05353100303909,2.81834565258812,1.80056347842482,1.56525759094797,0.117522522697734,0.155845084446995
"ENSDARG00000074506",655.492801619852,9.35643612716399,1.12968468108731,8.28234310317328,1.20775024764567e-16,8.26939200173721e-16
"ENSDARG00000074564",5.91451089891382,2.56425886968315,1.92390068232956,1.33284368223115,0.182583107314744,0.232472988630347
"ENSDARG00000074683",1.00593446187743,0.00853631448296438,3.38325529945699,0.00252310680909432,0.997986854167738,0.997986854167738
"ENSDARG00000074688",1186.61778616919,10.2126395972362,1.12157573880484,9.1056174308111,8.57771323896461e-20,1.0277938541688e-18
"ENSDARG00000074730",41.8859597817998,5.38839482693452,1.24034034582474,4.34428731200515,1.39728543919477e-05,2.5547098901899e-05
"ENSDARG00000074806",127.575028283358,6.99520215134241,1.34034473371169,5.21895746325743,1.7993307807256e-07,3.97154919035157e-07
"ENSDARG00000074824",1.11504056433113,0.157096195253071,3.36820204875022,0.0466409654110157,0.962799381864313,0.970027605451882
"ENSDARG00000074849",7542.32392961271,12.8807933976994,1.08302696455199,11.893326592314,1.28196835832034e-32,3.06841873015271e-30
"ENSDARG00000074852",3.68442977025156,1.88144135438465,2.23595581649276,0.841448359805165,0.400096803185514,0.477695649354946
"ENSDARG00000074997",186.935953130643,7.54640025706528,1.13636268811631,6.64083776771531,3.11905195525698e-11,9.9188808624523e-11
"ENSDARG00000075022",359.604192589123,8.49026603096156,1.34723153194216,6.30200958755918,2.93810988095452e-10,8.49772297465726e-10
"ENSDARG00000075132",169.566499647471,7.40570736223258,1.11701900663399,6.62988482581762,3.35948894489571e-11,1.05831787888499e-10
"ENSDARG00000075251",26.9659978055774,4.75306951284579,1.31050989762637,3.62688562784201,0.000286860278428426,0.00048362624830521
"ENSDARG00000075257",9.61093043906245,3.26467610580057,1.62572838997026,2.00813132497508,0.0446293383173787,0.0616178724505372
"ENSDARG00000075313",109.220025357962,6.77109358665469,1.21105223673264,5.59108301135119,2.25657659083644e-08,5.42710714140234e-08
"ENSDARG00000075318",205.736973888991,7.68465727995666,1.36697381379542,5.62165653972558,1.89135005762739e-08,4.59275669374963e-08
"ENSDARG00000075340",269.43936146801,8.07381681431889,1.28932853401734,6.26203221390144,3.79992412098073e-10,1.08963636118721e-09
"ENSDARG00000075408",31.1959580880974,4.9632872129491,1.27396935317254,3.89592355623715,9.7825242140022e-05,0.000169614308723397
"ENSDARG00000075441",4.46016225732452,2.15709619525307,2.36997776440509,0.910175710359267,0.362729851750884,0.436185896997927
"ENSDARG00000075450",7.36885954050311,2.88144135438465,1.77479990875651,1.62353025835092,0.104476100448823,0.139611164704814
"ENSDARG00000075515",4.46016225732452,2.15709619525307,2.36997776440509,0.910175710359267,0.362729851750884,0.436185896997927
"ENSDARG00000075621",541.924116453779,9.08194704046777,1.10849236816785,8.19306230811374,2.54662254548587e-16,1.67527816472649e-15
"ENSDARG00000075672",439.640128782742,8.78017926612924,1.34302001257657,6.53763844463087,6.24977842764376e-11,1.93253517278754e-10
"ENSDARG00000075712",7.27174320794649,2.86230125355245,1.76498432342923,1.62171483086672,0.1048644217753,0.139611164704814
"ENSDARG00000075721",138.428094062099,7.11299295826149,1.18026859489317,6.02658834526162,1.67456795198287e-09,4.47663384773111e-09
"ENSDARG00000075857",101.586192706343,6.66656051838343,1.14877164540695,5.80320775241788,6.50580991627412e-09,1.64732017125281e-08
"ENSDARG00000075883",1613.18559178543,10.6556967101029,1.18318182163294,9.00596722775598,2.13773018142346e-19,2.27685230434149e-18
"ENSDARG00000075903",7.36885954050311,2.88144135438465,1.77479990875651,1.62353025835092,0.104476100448823,0.139611164704814
"ENSDARG00000075909",74.8527932223306,6.22598424808242,1.27309176219747,4.8904442185187,1.00608667662923e-06,2.03952918434505e-06
"ENSDARG00000075931",55.993021787878,5.80717513528384,1.19305842668916,4.86746919126102,1.13036446441366e-06,2.27770136823293e-06
"ENSDARG00000076059",196.142833949442,7.61576081749431,1.12067722704276,6.7956773223551,1.07804827101842e-11,3.59885766096197e-11
"ENSDARG00000076069",41.2565008802518,5.36654956088202,1.60912816706226,3.33506657252763,0.000852789806510522,0.00139907569723364
"ENSDARG00000076079",19.3909158300639,4.27730903821291,1.54493471495561,2.76860180356281,0.0056297394386893,0.00846985462636888
"ENSDARG00000076081",1.11504056433113,0.157096195253071,3.36820204875022,0.0466409654110157,0.962799381864313,0.970027605451882
"ENSDARG00000076155",128.724839984,7.00814666651772,1.16344579841098,6.02361251043181,1.70566442925935e-09,4.54166996838503e-09
"ENSDARG00000076177",3435.84169626649,11.7464478516179,1.07933985141371,10.8829928184645,1.38925359147749e-27,7.66883593028766e-26
"ENSDARG00000076184",8.05946546491652,3.01068415678214,1.72354411790488,1.74679842860182,0.0806723092751457,0.108915733447933
"ENSDARG00000076192",24.4217863128312,4.61009682389452,1.52152796699944,3.02991264300317,0.00244624482477073,0.00383511747061019
"ENSDARG00000076225",10.3866629261354,3.37666030801057,1.60315287900874,2.1062621988356,0.0351815829454446,0.0494902351287072
"ENSDARG00000076229",139.715784098509,7.12635120518428,1.12550679195595,6.33168209744857,2.42502740685146e-10,7.07475386955359e-10
"ENSDARG00000076236",1.11504056433113,0.157096195253071,3.36820204875022,0.0466409654110157,0.962799381864313,0.970027605451882
"ENSDARG00000076251",21.0634766765606,4.39667167797771,1.43825509326208,3.05694844994827,0.00223602727043669,0.00352200539545309
"ENSDARG00000076267",5.70828846390349,2.51305824212404,1.91464406289909,1.31254591431415,0.18933600482889,0.239255102147241
"ENSDARG00000076334",52.3457595006977,5.71000076489721,1.24954660112138,4.56965811420951,4.88520487793372e-06,9.25980924602692e-06
"ENSDARG00000076357",11.8410115677247,3.56572042935095,1.54575608424784,2.30678078235482,0.0210670441180594,0.0301232316417508
"ENSDARG00000076430",108.638525536002,6.76339199405458,1.19349576738258,5.66687555908737,1.45424877877215e-08,3.56131726480334e-08
"ENSDARG00000076431",5.01768253949008,2.32702119669538,2.28544127358691,1.01819338942943,0.308586060386542,0.378532354264578
"ENSDARG00000076434",1.563454744043,0.644737459435844,3.13805901686524,0.205457404073905,0.837214774766569,0.886074312095218
"ENSDARG00000076439",3556.80445083062,11.7963659434667,1.10548869729938,10.6707250578719,1.3953328622654e-26,5.8516771911255e-25
"ENSDARG00000076477",46.7321910225907,5.54634477393309,1.34260043059621,4.13104647335031,3.61115560612261e-05,6.46156109788873e-05
"ENSDARG00000076521",3.12690948808599,1.64473745943584,2.37067502279142,0.693784446886861,0.487817397782839,0.571248645571177
"ENSDARG00000076533",32.7474230622434,5.03330947843531,1.26674635769403,3.97341539437927,7.08493314342746e-05,0.000124776644074536
"ENSDARG00000076702",28.8807503967756,4.85203632255713,1.31030627455926,3.70297877432447,0.000213082716176624,0.000361970892543075
"ENSDARG00000076704",1.67256084649669,0.742058695974228,3.32149513134462,0.223411044312994,0.823215609424834,0.876789958609625
"ENSDARG00000076776",46.1267116608369,5.52753054229418,1.24445347511487,4.44173338162277,8.92370891303022e-06,1.65409079575781e-05
"ENSDARG00000076780",199.43160131309,7.63975022260703,1.13679849264184,6.72040847349541,1.81215833138487e-11,5.93150361150854e-11
"ENSDARG00000076913",395.266303801445,8.62668116134859,1.10930554866471,7.77665014993629,7.44701824947246e-15,3.7855676101485e-14
"ENSDARG00000076966",219.811669141614,7.78012416644344,1.1256668157594,6.91156926500918,4.79321393341245e-12,1.68389871692134e-11
"ENSDARG00000076980",27.3532649624238,4.77364114230982,1.64182723617597,2.90751733015969,0.00364310157619494,0.00560669990281378
"ENSDARG00000076997",12.1923094148799,3.60789951582735,1.52895479305008,2.35971627953107,0.0182889165318498,0.0263344699417837
"ENSDARG00000077081",313.162144354725,8.29076601717856,1.10663607080808,7.49186316611251,6.79026956984758e-14,3.01739793468061e-13
"ENSDARG00000077098",7.27174320794649,2.86230125355245,1.76498432342923,1.62171483086672,0.1048644217753,0.139611164704814
"ENSDARG00000077177",596.718169288047,9.220905895514,1.09872577660885,8.39236331013706,4.7646582236763e-17,3.51328095394153e-16
"ENSDARG00000077178",1609.17744626405,10.6521077075102,1.36326545035546,7.81367099469349,5.55459705664849e-15,2.91182392578995e-14
"ENSDARG00000077207",15.1010066980585,3.91657282390033,1.45488813530983,2.69200959774565,0.00710229013518404,0.0104509576331326
"ENSDARG00000077243",190.344618193262,7.5724699694692,1.39577902612411,5.42526419135048,5.78688819354888e-08,1.32979519790113e-07
"ENSDARG00000077297",374.140481928639,8.54743626343673,1.12556608598656,7.59389996718396,3.10418069499885e-14,1.45657709534561e-13
"ENSDARG00000077300",1001.30044393855,9.96765920982971,1.10117163055776,9.05186705979787,1.40544342606169e-19,1.57175423147899e-18
"ENSDARG00000077317",792.400607323976,9.63008617573528,1.19420626129733,8.06400576502887,7.38342748764933e-16,4.34585951246728e-15
"ENSDARG00000077375",5147.88343185016,12.3297636703505,1.08559273650852,11.357632798839,6.79612524775586e-30,1.14005001031105e-27
"ENSDARG00000077409",790.507413817522,9.62663518281709,1.14577199481763,8.40187683619314,4.39398563204425e-17,3.27596039900188e-16
"ENSDARG00000077440",58.6223598432838,5.87337913977727,1.19247722007834,4.92535961348713,8.42053479047814e-07,1.71737958796682e-06
"ENSDARG00000077461",254.164507124492,7.9896187686203,1.12679161246024,7.090591268403,1.3354021173089e-12,5.06245661420494e-12
"ENSDARG00000077477",414.943775935658,8.6967720571404,1.17527470985822,7.3997780979985,1.36412256516815e-13,5.83010344731099e-13
"ENSDARG00000077500",222.845056817284,7.79989714900087,1.10959526311912,7.02949751882953,2.07278639077995e-12,7.60021676619316e-12
"ENSDARG00000077505",2.24207089855933,1.16483189963429,3.01156115368302,0.386786732924134,0.69891409985949,0.772466288225181
"ENSDARG00000077560",1.11504056433113,0.157096195253071,3.36820204875022,0.0466409654110157,0.962799381864313,0.970027605451882
"ENSDARG00000077582",4.36304592476789,2.12533565938624,2.08976886075481,1.01701948923604,0.30914415817733,0.378532354264578
"ENSDARG00000077749",16.579334879442,4.05131422564274,1.48515810526031,2.7278672966153,0.00637452466295431,0.00948404888878568
"ENSDARG00000077760",46.770556679042,5.54752869519251,1.25473398978472,4.42127872549648,9.81185095480658e-06,1.81370578255516e-05
"ENSDARG00000077844",54.8887728200639,5.77843917939569,1.26164925181905,4.58006785250679,4.64825105765028e-06,8.83562736454202e-06
"ENSDARG00000077900",2.23008112866226,1.15709619525307,3.02670509700899,0.382295650936235,0.70224208020471,0.772466288225181
"ENSDARG00000078044",1592.27077700506,10.636869981991,1.10853289842806,9.59544817936794,8.35531782831168e-22,1.47537322705188e-20
"ENSDARG00000078119",3.24800536043676,1.69955401351729,2.36253380724865,0.719377647973871,0.471908265109039,0.554554195951253
"ENSDARG00000078127",81.5766095712485,6.35008364300345,1.16892510874976,5.4324127315524,5.55971455272415e-08,1.28640291892341e-07
"ENSDARG00000078132",30.043750040695,4.9089929952047,1.62909308511443,3.01332872876314,0.00258398849691896,0.00403222391030842
"ENSDARG00000078142",37.9221707837754,5.24496964586798,1.24582339939319,4.21004265004389,2.55322484489691e-05,4.60541363152104e-05
"ENSDARG00000078249",98.9556564775576,6.62871027147678,1.16810288824416,5.67476575752738,1.38878558685899e-08,3.41346201019188e-08
"ENSDARG00000078417",1.11504056433113,0.157096195253071,3.36820204875022,0.0466409654110157,0.962799381864313,0.970027605451882
"ENSDARG00000078425",38.2243113779623,5.25641860613865,1.4613555583759,3.59694707835541,0.000321973958442184,0.000538764404276074
"ENSDARG00000078461",52.7210368876471,5.72030683962551,1.21127656048339,4.72254398891588,2.32912690991358e-06,4.54315161788375e-06
"ENSDARG00000078481",60.1138759679443,5.90962613872755,1.18907667215653,4.96992858165296,6.69775674231553e-07,1.39571266276202e-06
"ENSDARG00000078494",5.70828846390349,2.51305824212404,1.91464406289909,1.31254591431415,0.18933600482889,0.239255102147241
"ENSDARG00000078548",1.79365671884746,0.842903804746928,3.29109647400721,0.256116407222975,0.797860953280594,0.863491451050449
"ENSDARG00000078696",2.01186892375486,1.00853631448296,2.8132383809057,0.358496571541255,0.719971733139157,0.786809499896375
"ENSDARG00000078835",5.01768253949008,2.32702119669538,2.28544127358691,1.01819338942943,0.308586060386542,0.378532354264578
"ENSDARG00000078895",16.4582390070912,4.04073807392457,1.45229668050934,2.78230896493368,0.00539736302478449,0.00815682565232071
"ENSDARG00000079004",210.406961137562,7.71703862554804,1.12638550041194,6.85115231217536,7.3257464725524e-12,2.5079468791238e-11
"ENSDARG00000079067",186.607436649902,7.54386267116349,1.11759125058532,6.75010892149746,1.47734206697098e-11,4.85929670067417e-11
"ENSDARG00000079092",240.848761895524,7.91198369741654,1.58803134512894,4.98225914852716,6.28461900619852e-07,1.31780604786225e-06
"ENSDARG00000079128",10.0473548488772,3.32874383025191,1.63164866235848,2.04011066049008,0.0413393051719111,0.0574310193910711
"ENSDARG00000079131",556.167850586149,9.11937654154228,1.13003016370789,8.07002930932348,7.02812948872306e-16,4.17334060790546e-15
"ENSDARG00000079166",16.5673451095449,4.05027052640456,1.44339407284934,2.80607396316177,0.00501491797615478,0.00759595928216672
"ENSDARG00000079171",53.0711365614223,5.72985554045184,1.23090783928614,4.65498338508825,3.24006833838927e-06,6.2834851302289e-06
"ENSDARG00000079204",1.3452425391356,0.427866305468085,3.34430897227053,0.127938629180424,0.89819754056384,0.938770326664075
"ENSDARG00000079227",5.57520282165565,2.47902429014043,2.21559486227472,1.1188978329708,0.263183727576755,0.325823397055356
"ENSDARG00000079252",321.078938790353,8.32678422419611,1.18428532337662,7.03106258249902,2.04966536485721e-12,7.55673329570981e-12
"ENSDARG00000079261",448.950116800998,8.81041134467035,1.19151880483326,7.3942696572911,1.42187602362991e-13,6.03847349275741e-13
"ENSDARG00000079271",79.2626000533067,6.30856838773562,1.15904954719041,5.44288068014684,5.24257654124523e-08,1.22144752054707e-07
"ENSDARG00000079376",2.23008112866226,1.15709619525307,3.02670509700899,0.382295650936235,0.70224208020471,0.772466288225181
"ENSDARG00000079457",67.4227866589621,6.07516435163669,1.21496504216681,5.0002791362639,5.72473728042183e-07,1.20795557080599e-06
"ENSDARG00000079462",8.92032451464904,3.15709619525307,1.96350502396596,1.60788801491134,0.107859707198937,0.143314581248489
"ENSDARG00000079468",5.93849043870796,2.57009624527369,1.95169728995504,1.31685187990033,0.187888278868857,0.23832331780908
"ENSDARG00000079486",1.3452425391356,0.427866305468085,3.34430897227053,0.127938629180424,0.89819754056384,0.938770326664075
"ENSDARG00000079549",7.24776366815234,2.85753591339416,2.06360567347386,1.38472962646192,0.166135156469912,0.21355687737799
"ENSDARG00000079572",11.7079259254769,3.54941361803183,1.85610152231618,1.91229497705633,0.0558383697351876,0.0761535489681115
"ENSDARG00000079623",200.736081849014,7.6491561508996,1.12067867736102,6.82546773256353,8.76392993600922e-12,2.98507461272192e-11
"ENSDARG00000079647",15.6105679006358,3.96445111731068,1.76778072633693,2.24261474188913,0.0249216687787249,0.0352794087563807
"ENSDARG00000079720",126.138668314662,6.97886679719445,1.20666564041938,5.7835961872329,7.31203464938493e-09,1.83073703348406e-08
"ENSDARG00000079791",3.46621756534416,1.79336221150678,2.26923127456113,0.79029503586126,0.429355485235112,0.506322549372162
"ENSDARG00000079888",93.5734881476351,6.54802792880042,1.27623355247895,5.1307442247397,2.8859884459575e-07,6.24676853947574e-07
"ENSDARG00000079939",17.985724441443,4.16878036539921,1.4073529885042,2.96214268875783,0.00305506169052875,0.00472337878881288
"ENSDARG00000079969",213.182572778493,7.73594569544369,1.12242373756377,6.8921793406068,5.49440424494247e-12,1.92017981685229e-11
"ENSDARG00000080009",63.7251689454334,5.99379138795109,1.17800238038842,5.08809785764164,3.61672743827384e-07,7.75343166479792e-07
"ENSDARG00000083812",49.9586131899934,5.64266152436149,1.41648329223853,3.98357083015369,6.78874252859594e-05,0.00011987490096547
"ENSDARG00000084772",2.46028310346673,1.29882433526678,2.59238791094445,0.501014655169257,0.616360808966486,0.693922991302873
"ENSDARG00000085246",1.11504056433113,0.157096195253071,3.36820204875022,0.0466409654110157,0.962799381864313,0.970027605451882
"ENSDARG00000085630",1.11504056433113,0.157096195253071,3.36820204875022,0.0466409654110157,0.962799381864313,0.970027605451882
"ENSDARG00000085661",1.67256084649669,0.742058695974228,3.32149513134462,0.223411044312994,0.823215609424834,0.876789958609625
"ENSDARG00000085964",16.7256084649669,4.06398679086159,1.74999715791443,2.32228193770604,0.0202177594743833,0.0290495002297884
"ENSDARG00000086014",70.222377839687,6.1338589438466,1.20390891356096,5.09495267852421,3.48828376087413e-07,7.50204616521327e-07
"ENSDARG00000086021",207.179332760683,7.69473628348066,1.4223865355524,5.40973644726772,6.31175665768095e-08,1.44545690010373e-07
"ENSDARG00000086055",12.1071828522204,3.5977913069104,1.83210512759429,1.96374719590169,0.0495594164217316,0.068144197579881
"ENSDARG00000086142",5.46609671920195,2.45051098768375,2.00880352125161,1.21988584834664,0.222508151238702,0.27907097099284
"ENSDARG00000086183",55.5446076081661,5.79557495331408,1.19419722274005,4.85311374281737,1.21537935515381e-06,2.44167529134193e-06
"ENSDARG00000086253",1.4543486415893,0.540373158665086,3.22968648907739,0.167314431444847,0.867122649546489,0.911973821074755
"ENSDARG00000086255",9.4778447968146,3.24455903650341,1.93734620614783,1.67474405256395,0.0939844601615346,0.126127145536779
"ENSDARG00000086306",30.7355541384885,4.94183659087821,1.27800472180236,3.86683750581828,0.000110255839082033,0.000190674402123826
"ENSDARG00000086310",2.78760141082782,1.47902429014043,2.7826331298683,0.531519686970174,0.595058702566941,0.67560810392964
"ENSDARG00000086420",12.2654462076424,3.61652781389037,1.84016685640866,1.96532602535214,0.0493765152623243,0.068032118564722
"ENSDARG00000086484",95.2580387640289,6.57376894072832,1.28348762797626,5.12180156429985,3.02630272642517e-07,6.52941842260865e-07
"ENSDARG00000086550",471.563852242228,8.8813093224486,1.09139177089992,8.13759967708517,4.03191416262105e-16,2.48203156249424e-15
"ENSDARG00000086908",683.576236336521,9.4169584341917,1.11022376897001,8.48203641228843,2.21286287510071e-17,1.68730794226429e-16
"ENSDARG00000086928",1.79365671884746,0.842903804746928,3.29109647400721,0.256116407222975,0.797860953280594,0.863491451050449
"ENSDARG00000086945",18.142789623485,4.18132439565698,1.43967896424134,2.90434499601124,0.00368022383386847,0.00563796847608617
"ENSDARG00000087042",3.46621756534416,1.79336221150678,2.26923127456113,0.79029503586126,0.429355485235112,0.506322549372162
"ENSDARG00000087059",1.11504056433113,0.157096195253071,3.36820204875022,0.0466409654110157,0.962799381864313,0.970027605451882
"ENSDARG00000087135",389.587993780332,8.60580540728617,1.2659134781498,6.7980992033231,1.06008453274874e-11,3.55658360737201e-11
"ENSDARG00000087181",4.14483371986049,2.05131422564273,2.17554331810044,0.942897440182356,0.345733364378535,0.419506487338149
"ENSDARG00000087226",1398.05708176347,10.4492075508804,1.10566886023736,9.45057596054312,3.36971355729148e-21,5.25832045800601e-20
"ENSDARG00000087229",193.416379561479,7.59556616510396,1.11654620474437,6.80273340487772,1.02652509519019e-11,3.46129818528954e-11
"ENSDARG00000087461",140.380014136368,7.13319374394454,1.15155336509681,6.19441005527769,5.85037373365487e-10,1.62887998974374e-09
"ENSDARG00000087466",1.00593446187743,0.00853631448296438,3.38325529945699,0.00252310680909432,0.997986854167738,0.997986854167738
"ENSDARG00000087473",254.930654224525,7.99396105092884,1.2252193996437,6.52451393869009,6.82224060645676e-11,2.09028467896461e-10
"ENSDARG00000087531",7.80528395031791,2.96445111731068,2.02594783043335,1.46324158637223,0.143401285179451,0.185399349432392
"ENSDARG00000087657",216.178792971091,7.75608119214386,1.10869335685359,6.99569555837804,2.63946132090771e-12,9.42063056558017e-12
"ENSDARG00000087733",10.3746731562383,3.37499398139014,1.67475871888481,2.01521206806284,0.0438824335859858,0.0607115730643226
"ENSDARG00000087921",136.427016734861,7.09198556030865,1.43810205010497,4.93148977834431,8.16048388149302e-07,1.67452131023909e-06
"ENSDARG00000088127",1.67256084649669,0.742058695974228,3.32149513134462,0.223411044312994,0.823215609424834,0.876789958609625
"ENSDARG00000088143",39.5839400337551,5.30684331475775,1.61263916696454,3.29078161033803,0.000999094443351597,0.00162322608108698
"ENSDARG00000088204",1.67256084649669,0.742058695974228,3.32149513134462,0.223411044312994,0.823215609424834,0.876789958609625
"ENSDARG00000088290",14.4955273363047,3.85753591339416,1.78828039498045,2.15712028394537,0.0309962935398109,0.0437863430846592
"ENSDARG00000088307",101.827186277665,6.66997897979083,1.21553765050524,5.48726645942923,4.08201155641989e-08,9.54365768068902e-08
"ENSDARG00000088639",158.484438103402,7.30819737604938,1.29664451458297,5.63623822401305,1.73804908185263e-08,4.24083975972041e-08
"ENSDARG00000088794",2.24207089855933,1.16483189963429,3.01156115368302,0.386786732924134,0.69891409985949,0.772466288225181
"ENSDARG00000088868",62.5969404378251,5.96802023889753,1.22231505829889,4.88255478681844,1.04720130365926e-06,2.1164821528776e-06
"ENSDARG00000088877",74.7185094067027,6.22339376924693,1.1806371727643,5.27121618123855,1.35522730106667e-07,3.03119173005246e-07
"ENSDARG00000088956",24.9900981915137,4.64328466498471,1.43259228076669,3.24117666088479,0.00119037389406766,0.00192005019932548
"ENSDARG00000088969",219.347662635769,7.77707552288477,1.33909253144359,5.80772078125235,6.33290132669498e-09,1.60961242053497e-08
"ENSDARG00000088984",122.578928936902,6.93756719383718,1.13572386317362,6.10849821756067,1.00572982942035e-09,2.75446822669818e-09
"ENSDARG00000089024",11.5256830302607,3.52678034447221,1.55686658234321,2.2653067285728,0.0234938634321795,0.0334700262483916
"ENSDARG00000089127",62.8511219524238,5.97386659324437,1.26395288770388,4.7263364413025,2.28606765507564e-06,4.47216150599345e-06
"ENSDARG00000089314",1.4543486415893,0.540373158665086,3.22968648907739,0.167314431444847,0.867122649546489,0.911973821074755
"ENSDARG00000089346",1.67256084649669,0.742058695974228,3.32149513134462,0.223411044312994,0.823215609424834,0.876789958609625
"ENSDARG00000089367",5.57520282165565,2.47902429014043,2.21559486227472,1.1188978329708,0.263183727576755,0.325823397055356
"ENSDARG00000089369",178.388509656183,7.47887888128905,1.11626874743185,6.6998909523315,2.08575127530848e-11,6.69635935756932e-11
"ENSDARG00000089561",436.877689012896,8.77108562017955,1.45099287769387,6.04488537126376,1.49516265569332e-09,4.04537960471861e-09
"ENSDARG00000089567",268.625271360582,8.06945122481399,1.24232188043282,6.4954593104346,8.27804596758417e-11,2.49083804674842e-10
"ENSDARG00000089581",21.9123459563961,4.45367204377408,1.34771495787652,3.30460978988565,0.000951087164496978,0.00155274814447074
"ENSDARG00000089601",49.8830800504708,5.64047864258005,1.4457054281757,3.90154075142238,9.55823664033864e-05,0.000166586410017331
"ENSDARG00000089828",367.396280560067,8.52119321076751,1.09654436468001,7.77095162333371,7.78986480717015e-15,3.93007465083547e-14
"ENSDARG00000089841",8.36280423248347,3.06398679086159,1.99283756876677,1.5374995126962,0.124171034290999,0.163050418804814
"ENSDARG00000089863",114.917522225349,6.84445498166888,1.14526399708736,5.97631201109591,2.28245660246753e-09,6.02963929234532e-09
"ENSDARG00000089871",170.601206342663,7.41448403794572,1.57995663152742,4.69284022737876,2.69437917014973e-06,5.24037224107383e-06
"ENSDARG00000089885",2.01186892375486,1.00853631448296,2.8132383809057,0.358496571541255,0.719971733139157,0.786809499896375
"ENSDARG00000089888",78.8729365497002,6.30145845211783,1.24679420439371,5.05412876472433,4.32359848278979e-07,9.20995105381572e-07
"ENSDARG00000089913",120.017934980738,6.90710620206159,1.25815734788261,5.48985881113025,4.02255159895816e-08,9.43752490524798e-08
"ENSDARG00000089942",61.6533511721932,5.9461074094361,1.19661627183069,4.96910124775355,6.72639429285964e-07,1.39734073390366e-06
"ENSDARG00000089997",1.11504056433113,0.157096195253071,3.36820204875022,0.0466409654110157,0.962799381864313,0.970027605451882
"ENSDARG00000090142",58.5636091671785,5.87193256188261,1.30074203547472,4.51429445788581,6.35279004716696e-06,1.18738777761811e-05
"ENSDARG00000090223",234.897083513539,7.87588499070817,1.25179530110543,6.29167163653127,3.14065294475654e-10,9.04454131301131e-10
"ENSDARG00000090338",2.23008112866226,1.15709619525307,3.02670509700899,0.382295650936235,0.70224208020471,0.772466288225181
"ENSDARG00000090343",1.11504056433113,0.157096195253071,3.36820204875022,0.0466409654110157,0.962799381864313,0.970027605451882
"ENSDARG00000090442",1884.44617599612,10.8799248736509,1.08914595310854,9.98940944746511,1.69589055825241e-23,3.67078246641086e-22
"ENSDARG00000090537",2.78760141082782,1.47902429014043,2.7826331298683,0.531519686970174,0.595058702566941,0.67560810392964
"ENSDARG00000090767",17.3550673665149,4.11728506012009,1.43996762102085,2.85929002848078,0.00424590397475896,0.0064897530001441
"ENSDARG00000090819",4.46016225732452,2.15709619525307,2.36997776440509,0.910175710359267,0.362729851750884,0.436185896997927
"ENSDARG00000090863",9.25963259190721,3.21095495068322,1.71606822562199,1.87111147607165,0.0613296312528564,0.0834729869587559
"ENSDARG00000090895",329.417755446946,8.36377450745256,1.14153400829079,7.32678522646517,2.35739160679973e-13,9.6451815131867e-13
"ENSDARG00000090933",59.3489350773884,5.89115023810999,1.22684222807987,4.8018808802581,1.57182191904909e-06,3.12039203456196e-06
"ENSDARG00000090949",6.60511682332722,2.72358407834483,1.83378792772427,1.48522303869935,0.137484750996472,0.179130617317734
"ENSDARG00000090966",2.23008112866226,1.15709619525307,3.02670509700899,0.382295650936235,0.70224208020471,0.772466288225181
"ENSDARG00000091150",12524.0926129031,13.6124184615898,1.09241195823431,12.4608837892913,1.22010918789693e-35,8.18693265078839e-33
"ENSDARG00000091228",97.45334875638,6.60663985606283,1.15296588028264,5.73012607662184,1.0035601641082e-08,2.50330434987585e-08
"ENSDARG00000091365",1.11504056433113,0.157096195253071,3.36820204875022,0.0466409654110157,0.962799381864313,0.970027605451882
"ENSDARG00000091395",2.01186892375486,1.00853631448296,2.8132383809057,0.358496571541255,0.719971733139157,0.786809499896375
"ENSDARG00000091429",1.11504056433113,0.157096195253071,3.36820204875022,0.0466409654110157,0.962799381864313,0.970027605451882
"ENSDARG00000091503",4.13284394996342,2.0471348907233,2.13408713101027,0.959255534123477,0.337430030070839,0.410173098147704
"ENSDARG00000091534",10.3015363634759,3.36478761080804,1.62356431870183,2.07246954866467,0.0382216732309712,0.0534307140374618
"ENSDARG00000091535",6.82332902823462,2.77047578627645,1.79828994527917,1.54061684743856,0.123410065134195,0.163008176584734
"ENSDARG00000091613",32.3709475019139,5.01662768892709,1.32597735590052,3.78334340824403,0.000154735689522524,0.000264866448136769
"ENSDARG00000091663",21.742092831077,4.44241891159555,1.47950526077805,3.00263813138409,0.00267650478332094,0.00416690187844166
"ENSDARG00000091739",6.03560677126459,2.59349881520412,1.86799826945819,1.38838394960417,0.165020161173199,0.212530764198112
"ENSDARG00000091768",23.8390883174914,4.57525715849851,1.34332243177792,3.40592626927479,0.000659399846692013,0.00108711866616791
"ENSDARG00000091836",2.6904850782712,1.42786630546808,2.81046851580272,0.508052766803637,0.611416338491324,0.691838723655444
"ENSDARG00000092519",77.6164150933643,6.27828989510087,1.36184587100697,4.61013248911832,4.02412432332854e-06,7.73692670760302e-06
"ENSDARG00000092546",2287.71796317161,11.1596934879086,1.09615462375717,10.1807657843541,2.41652115501011e-24,6.75619039588245e-23
"ENSDARG00000092599",5.81739456635719,2.54037315866509,1.89404176412953,1.34124453154949,0.179841072434504,0.230292670999145
"ENSDARG00000093182",140.053894002387,7.12983828586001,1.12896585134384,6.31537107820678,2.69513986207376e-10,7.82873959935712e-10
"ENSDARG00000094504",86.04756342509,6.42706243550486,1.24723605126922,5.15304414827049,2.56291597356939e-07,5.60168279565167e-07
"ENSDARG00000094559",2.23008112866226,1.15709619525307,3.02670509700899,0.382295650936235,0.70224208020471,0.772466288225181
"ENSDARG00000095254",1.11504056433113,0.157096195253071,3.36820204875022,0.0466409654110157,0.962799381864313,0.970027605451882
"ENSDARG00000095300",65.868925338056,6.04152610740545,1.24778981698642,4.84178186515143,1.28679980606152e-06,2.57744080557397e-06
"ENSDARG00000095603",30.662417345726,4.93839953471559,1.28906801561648,3.83098445922875,0.000127631567632493,0.00021903013268901
"ENSDARG00000095891",43.4494145258428,5.44126483196492,1.23556109929725,4.40388163325938,1.06330974339941e-05,1.96011219181594e-05
"ENSDARG00000095947",158.477241027025,7.30813185906683,1.12108241458261,6.5188176747806,7.08637258001795e-11,2.16134363690548e-10
